ASIN,Product Title,Current Price,Original Price,Currency,Discount %,Savings Amount,URL,Image URL,Category,Brand,Prime
B009T7OKUG,Men in Black 3,49,599,₹,91,550,https://www.amazon.in/dp/B009T7OKUG?tag=discount0e8e-21&linkCode=osi&th=1&psc=1,https://m.media-amazon.com/images/I/41HA2j1xVGL._SL160_.jpg,MoviesAndTV,,false
B0BBFCG66M,"DesiDiya® 35 Feet Long LED Power Pixel Serial String Light, 360 Degree Light in Bulb | Copper Led Pixel String Light for Home Decoration,Diwali,Christmas(Warm White) Pack of 1",98,999,₹,90,901,https://www.amazon.in/dp/B0BBFCG66M?tag=discount0e8e-21&linkCode=osi&th=1&psc=1,https://m.media-amazon.com/images/I/41K+rPaNnLL._SL160_.jpg,GiftCards,,false
B0FV8MCC2K,Lifesto Oval Shape Adhesive Mirror Sticker for Wall on Tiles Bedroom Living Room Basin Mirror Bathroom Wall Mirror Both Side Sticker Acrylic Wall Mirror for Wall Full Length (1),139,1499,₹,90,1360,https://www.amazon.in/dp/B0FV8MCC2K?tag=discount0e8e-21&linkCode=osi&th=1&psc=1,https://m.media-amazon.com/images/I/31hnvi5JnpL._SL160_.jpg,Furniture,,false
B0CP84GDFW,LEGAL BRIBE Womens Textured Shoulder Tote Bag (Beige),437,2580,₹,83,2143,https://www.amazon.in/dp/B0CP84GDFW?tag=discount0e8e-21&linkCode=osi&th=1&psc=1,https://m.media-amazon.com/images/I/31FEJ52ugxL._SL160_.jpg,Shoes,,false
B07XCM6T4N,STRIFF Adjustable Laptop Tabletop Stand Patented Riser Ventilated Portable Foldable Compatible with MacBook Notebook Tablet Tray Desk Table Book with Free Phone Stand (Black),245,1499,₹,83,1254,https://www.amazon.in/dp/B07XCM6T4N?tag=discount0e8e-21&linkCode=osi&th=1&psc=1,https://m.media-amazon.com/images/I/51aYKwgu-GL._SL160_.jpg,Furniture,,false
B0C376RWQP,"Zebronics-NS1000 Laptop Stand Featuring Foldable Design, Anti-Slip Silicone Rubber Pads, Supports Maximum of 5kgs Weight, 6 Adjustable Levels.",229,1399,₹,83,1170,https://www.amazon.in/dp/B0C376RWQP?tag=discount0e8e-21&linkCode=osi&th=1&psc=1,https://m.media-amazon.com/images/I/419YZgB9PeL._SL160_.jpg,Furniture,,false
B0CTQ4RSMB,Fitness Mantra® 12 Pairs Sports Ankle Cotton Socks | Free Size| Breathable| Daily Use| Multicolor| 12 Pairs|,189,999,₹,81,810,https://www.amazon.in/dp/B0CTQ4RSMB?tag=discount0e8e-21&linkCode=osi&th=1&psc=1,https://m.media-amazon.com/images/I/41I+CDtvGxL._SL160_.jpg,SportsAndOutdoors,,false
B0DCZKTC9F,KUKLAR Wash Bag Pouch for Travel Kit Toiletry Bag Cosmetic Bag Make Up Box for Brushes Accessories with Handle Large Capacity Translucent Waterproof Travel Storage Organizer Set of 3 (Sky Blue),188,999,₹,81,811,https://www.amazon.in/dp/B0DCZKTC9F?tag=discount0e8e-21&linkCode=osi&th=1&psc=1,https://m.media-amazon.com/images/I/41buefb6NjL._SL160_.jpg,Luggage,,false
B08LHTJTBB,"Dyazo 6 Angles Adjustable Aluminum Ergonomic Foldable Portable Tabletop Laptop/Desktop Riser Stand Holder Compatible for MacBook, HP, Dell, Lenovo & All Other Notebook (Silver)",379,1999,₹,81,1620,https://www.amazon.in/dp/B08LHTJTBB?tag=discount0e8e-21&linkCode=osi&th=1&psc=1,https://m.media-amazon.com/images/I/41z+I72sJXL._SL160_.jpg,Furniture,,false
B0BSRX7P6F,"JIALTO Wall Hooks for Hanging Strong, Adhesive Hooks for Wall Heavy Duty, Wall hangings, Kitchen Accessories Items, Sticky Photo Frame Hangers (Pack of 20, Nail Hook)",199,999,₹,80,800,https://www.amazon.in/dp/B0BSRX7P6F?tag=discount0e8e-21&linkCode=osi&th=1&psc=1,https://m.media-amazon.com/images/I/412UxoNDJ6L._SL160_.jpg,ToolsAndHomeImprovement,,false
B07BMT1VSS,"WildHorn Rfid Protected Leather Wallet For Men, Brown",295,1499,₹,80,1204,https://www.amazon.in/dp/B07BMT1VSS?tag=discount0e8e-21&linkCode=osi&th=1&psc=1,https://m.media-amazon.com/images/I/31fldTRFOyL._SL160_.jpg,Shoes,,false
B00EU6TXC6,"Portronics My Buddy K Portable Laptop Stand with Adjustable Height, Foldable, OverHeating Protection for Laptops & MacBooks (Grey)",399,1999,₹,80,1600,https://www.amazon.in/dp/B00EU6TXC6?tag=discount0e8e-21&linkCode=osi&th=1&psc=1,https://m.media-amazon.com/images/I/313Zn9hU0KL._SL160_.jpg,Furniture,,false
B072FH5KLJ,"Juârez JRZ250 One Handed Trigger Guitar Metal Capo Quick Change for Ukulele, Electric and Acoustic Guitars, Black",199,990,₹,79,791,https://www.amazon.in/dp/B072FH5KLJ?tag=discount0e8e-21&linkCode=osi&th=1&psc=1,https://m.media-amazon.com/images/I/41E9G1piiwL._SL160_.jpg,MusicalInstruments,,false
B0716FQ7SP,"Juârez JRZ100 Guitar Wall Hanger/Mount/Holder/Hook/Stand/Rack for Acoustic/Electric/Bass Guitars, with Fittings/Accessories, Black",199,990,₹,79,791,https://www.amazon.in/dp/B0716FQ7SP?tag=discount0e8e-21&linkCode=osi&th=1&psc=1,https://m.media-amazon.com/images/I/51AdYDbV1HL._SL160_.jpg,MusicalInstruments,,false
B0D8Y9FNF3,"Btag SF-400 Digital Kitchen Weighing Scale | 10Kg x 1g Precision | Food Scale with LCD Display for Cooking, Baking, Meal Prep & Healthy Diet | Compact Electronic Weight Machine for Home Use.(White)",205,999,₹,79,794,https://www.amazon.in/dp/B0D8Y9FNF3?tag=discount0e8e-21&linkCode=osi&th=1&psc=1,https://m.media-amazon.com/images/I/31PzpU08NpL._SL160_.jpg,Industrial,,false
B0CCM8L54V,"Zulaxy Photo Frame Hooks for Wall Without Drilling, 10 Pack Self Adhesive Hooks for Wall Heavy Duty Strong Nail Free for Hanging Photo Frame (Hanging Hook, Transparent) Stainless Steel",275,1299,₹,78,1024,https://www.amazon.in/dp/B0CCM8L54V?tag=discount0e8e-21&linkCode=osi&th=1&psc=1,https://m.media-amazon.com/images/I/31YDSKTWfrL._SL160_.jpg,ToolsAndHomeImprovement,,false
B0CG28N5VQ,"KLIFFOO Dual Tip Colorful Art Markers Sketch Pens 24 Colors With Carrying Case For Painting Sketching Calligraphy Drawing -Twin Head Permanent Colouring Marker Pens For Kids Adult, Multicolor (24)",273,1299,₹,78,1026,https://www.amazon.in/dp/B0CG28N5VQ?tag=discount0e8e-21&linkCode=osi&th=1&psc=1,https://m.media-amazon.com/images/I/51SCY7RKyIL._SL160_.jpg,OfficeProducts,,false
9358704330,"Aditya Ranjan Sir SSC Maths CGL Warrior 2025 | Mathematics | PYQ Question Bank, Chapter wise, Short Tricks, Best Explanation | Math for Competitive Exam Book 2025 | In English & Hindi Medium | Practice Book | (2e) Bilingual",64,300,₹,78,236,https://www.amazon.in/dp/9358704330?tag=discount0e8e-21&linkCode=osi&th=1&psc=1,https://m.media-amazon.com/images/I/414Dj3w4X4L._SL160_.jpg,Fashion,,false
B0FJLQL4TW,"UB Unity Brand Multipurpose Double Sided Tape Heavy Duty - Adhesive Silicone Tape, Heat Resistant, Multi-Functional, Removable, Washable, Reusable Anti-Slip Gel Nano Grip Tape- 3 Meter",229,999,₹,77,770,https://www.amazon.in/dp/B0FJLQL4TW?tag=discount0e8e-21&linkCode=osi&th=1&psc=1,https://m.media-amazon.com/images/I/51gp+Czvl6L._SL160_.jpg,OfficeProducts,,false
B097JJ2CK6,"Safari Omega spacious/large laptop backpack with Raincover, college bag, travel bag for men and women, Black, 30 Litre",779,3396,₹,77,2617,https://www.amazon.in/dp/B097JJ2CK6?tag=discount0e8e-21&linkCode=osi&th=1&psc=1,https://m.media-amazon.com/images/I/31bOxxWWIeL._SL160_.jpg,Luggage,,false
B08372ZPVS,"Redgear A-10 Wired Gaming Mouse with RGB LED, Lightweight and Durable Design, DPI Upto 2400, Compatible with Windows.",159,699,₹,77,540,https://www.amazon.in/dp/B08372ZPVS?tag=discount0e8e-21&linkCode=osi&th=1&psc=1,https://m.media-amazon.com/images/I/31+ptlTTKSL._SL160_.jpg,Fashion,,false
B0DSHZLRQB,"Ant Esports Prism Mouse Pad 260X210X3mm with Anti-fray Stitching, Waterproof Surface & Non-Slip Rubber Base Stitched Edges Gaming Mouse Mat for Laptop, Compatible with Laser and Optical Mice – Black",119,499,₹,76,380,https://www.amazon.in/dp/B0DSHZLRQB?tag=discount0e8e-21&linkCode=osi&th=1&psc=1,https://m.media-amazon.com/images/I/51Sj4qd+t1L._SL160_.jpg,VideoGames,,false
B0C862R9VF,"Lifelong LLKS03 Foldable Kick Skating Cycle| Skate Scooter for Kids(Max User Weight: 50Kg) Kids Scooter (Pink, Blue)",949,3999,₹,76,3050,https://www.amazon.in/dp/B0C862R9VF?tag=discount0e8e-21&linkCode=osi&th=1&psc=1,https://m.media-amazon.com/images/I/41wyB8gI-8L._SL160_.jpg,ToysAndGames,,false
B0B77X44MX,"Boldfit Hand Gripper for Men & Women Hand Grip Strengthener for Forearm, Wrist & Finger Workout Fitness Equipment for Home & Gym Training",151,599,₹,74,448,https://www.amazon.in/dp/B0B77X44MX?tag=discount0e8e-21&linkCode=osi&th=1&psc=1,https://m.media-amazon.com/images/I/51D5TWsGAsL._SL160_.jpg,SportsAndOutdoors,,false
B0CJYJSTXW,"RENESMEE 1 Pair Height Increase Insoles, 4-Layer Heel Orthotic Insoles Adjustable Comfortable & Breathable Elevator Lift Kit Up To 2cm To 9cm, Men Women Height Booster Insoles",256,999,₹,74,743,https://www.amazon.in/dp/B0CJYJSTXW?tag=discount0e8e-21&linkCode=osi&th=1&psc=1,https://m.media-amazon.com/images/I/51meNEL4OEL._SL160_.jpg,Shoes,,false
B07PQZJ6Y8,"K7 Security K7, Total Security, 1 User, 1 Year, Email Delivery In 30 Min, No Cd",385,1499,₹,74,1114,https://www.amazon.in/dp/B07PQZJ6Y8?tag=discount0e8e-21&linkCode=osi&th=1&psc=1,https://m.media-amazon.com/images/I/41SpUcn71cS._SL160_.jpg,Software,,false
B0927T6DS6,UHUD CRAFTS Beautiful Antique Wooden Fold-able Side Table/End Table/Plant Stand/Stool Living Room Kids Play Furniture Table Round Shape,415,1599,₹,74,1184,https://www.amazon.in/dp/B0927T6DS6?tag=discount0e8e-21&linkCode=osi&th=1&psc=1,https://m.media-amazon.com/images/I/31NJkTq39ZL._SL160_.jpg,Furniture,,false
B0D7PXB3SH,"Boat Bassheads 100 C Wired Headphones Earphones with Type-C Jack, in-Line Microphone, in Ear, 10Mm Drivers, Signature Sound, Integrated Controls & Multi-Os Compatibility (Black)",499,1990,₹,74,1491,https://www.amazon.in/dp/B0D7PXB3SH?tag=discount0e8e-21&linkCode=osi&th=1&psc=1,https://m.media-amazon.com/images/I/313yUaWYKPL._SL160_.jpg,Computers,,false
B09S6M7JQJ,Ghar Soaps Sandalwood & Saffron Magic Soaps For Bath (300 Gms Pack Of 3) | Paraben Free | Chandan & Kesar Bath Soap | Handmade Soaps For Glowing | Skin Brightening Soap For Men & Women,399,1499,₹,73,1100,https://www.amazon.in/dp/B09S6M7JQJ?tag=discount0e8e-21&linkCode=osi&th=1&psc=1,https://m.media-amazon.com/images/I/41RkAjrRnbL._SL160_.jpg,HealthPersonalCare,,false
B0DJBZJM15,"Portronics 80W Dual Output Fast Car Charger with Type-C PD & USB, LED Indicator, Charging Adapter Compatible with Cars for iPhone & Android Smartphone, Smartwatch, Earbud, Power Bank (Black)",399,1499,₹,73,1100,https://www.amazon.in/dp/B0DJBZJM15?tag=discount0e8e-21&linkCode=osi&th=1&psc=1,https://m.media-amazon.com/images/I/413Bz5kCueL._SL160_.jpg,Automotive,,false
B0BYDVM1F8,GLUN® Multiuse Finger Counter Portable Hand Finger Counting Machine Digital Head Electronic Tally Counter Pack of 3,148,499,₹,70,351,https://www.amazon.in/dp/B0BYDVM1F8?tag=discount0e8e-21&linkCode=osi&th=1&psc=1,https://m.media-amazon.com/images/I/41LwR0w0d7L._SL160_.jpg,SportsAndOutdoors,,false
B0BY938K6R,"Lifelong Universal & Adjustable Metal Washing Machine Stand (5 KG to 12 KG) | Trolley with Wheels | Single/Double Door Fridge Stand, Air Cooler Stand | 170 KG Capacity, 4 Anti Vibration Pads | Black",899,2999,₹,70,2100,https://www.amazon.in/dp/B0BY938K6R?tag=discount0e8e-21&linkCode=osi&th=1&psc=1,https://m.media-amazon.com/images/I/31f0lVAHGEL._SL160_.jpg,ToolsAndHomeImprovement,,false
B07B9YYLGG,"Bitdefender - 1 Device,1 Year - Mobile Security | Android| Latest Version | Email Delivery In 2 Hours- No Cd |",117,399,₹,70,282,https://www.amazon.in/dp/B07B9YYLGG?tag=discount0e8e-21&linkCode=osi&th=1&psc=1,https://m.media-amazon.com/images/I/41ashru03ML._SL160_.jpg,Software,,false
B0BTPKF5B1,Rushwak Shoe Wipes (80 + 80 Wipes) Sneaker Wipes Instant Sneaker Cleaner Shoe Cleaning Wipes Sneaker Wipes for Shoes Quick Remove Dirt Stain Shoe Cleaner Wipes Shoe Wipes for Sneakers Cleaning Kit,299,999,₹,70,700,https://www.amazon.in/dp/B0BTPKF5B1?tag=discount0e8e-21&linkCode=osi&th=1&psc=1,https://m.media-amazon.com/images/I/41ZKgY4TNzL._SL160_.jpg,Shoes,,false
B0BMZCZTYK,TCCO Natural Sneaker & Shoe Cleaner Wipes - 1 Packs of 80 - Portable Sneakers Cleaner Shoe Wipes Quickly Remove Dirt & Stains - These Disposable Shoe Cleaning Wipes Can Be Used On Footwear,299,999,₹,70,700,https://www.amazon.in/dp/B0BMZCZTYK?tag=discount0e8e-21&linkCode=osi&th=1&psc=1,https://m.media-amazon.com/images/I/51hnJGgsB-L._SL160_.jpg,Shoes,,false
B07PK41FL4,"GLUN® Electronic Portable Digital LED Screen Luggage Weighing Scale, 50 kg/110 Lb For Multi-Purpose Use.",249,849,₹,70,600,https://www.amazon.in/dp/B07PK41FL4?tag=discount0e8e-21&linkCode=osi&th=1&psc=1,https://m.media-amazon.com/images/I/31g0gYn8oGL._SL160_.jpg,Luggage,,false
B0DMWC8XFQ,"DJI Mic Mini (2 TX + 1 RX + Charging Case), Ultralight, Detail-Rich Audio, 48h Use, Noise Cancelling, Automatic Limiting, Wireless Microphone for Camera/iPhone/Android, Vlog, Streaming",11670,38999,₹,70,27329,https://www.amazon.in/dp/B0DMWC8XFQ?tag=discount0e8e-21&linkCode=osi&th=1&psc=1,https://m.media-amazon.com/images/I/41LS0v0GniL._SL160_.jpg,MusicalInstruments,,false
B0DTTXM92H,"Astrotalk Dhan Yog Bracelet | Attracts Wealth & Financial Prosperity | Pyrite, Citrine, & Aventurine bracelet | Astrology Dhanyog Bracelet for Men & Women | Certificate of Authenticity",598,1999,₹,70,1401,https://www.amazon.in/dp/B0DTTXM92H?tag=discount0e8e-21&linkCode=osi&th=1&psc=1,https://m.media-amazon.com/images/I/41AYJi5GnlL._SL160_.jpg,Jewelry,,false
B0FFZ9QMGD,"ORJILO 5 PCS Microfiber Car Duster Kit Interior & Exterior Car Cleaning Detailing Tool Scratch & Lint Free, Pollen Removing Extendable Long Handle Duster for Car & Motorcycle car (Car Duster Kit)",299,999,₹,70,700,https://www.amazon.in/dp/B0FFZ9QMGD?tag=discount0e8e-21&linkCode=osi&th=1&psc=1,https://m.media-amazon.com/images/I/41Lc-5MSO2L._SL160_.jpg,Automotive,,false
B0CDPG65DT,"BitDefender Total Security Latest Version (Windows / Mac / Android / iOS) - 3 Devices, 3 Years (Single Activation Code) (Email Delivery in 2 hours - No CD)",952,2995,₹,68,2043,https://www.amazon.in/dp/B0CDPG65DT?tag=discount0e8e-21&linkCode=osi&th=1&psc=1,https://m.media-amazon.com/images/I/51+7WqOeA9L._SL160_.jpg,Software,,false
B017NPCSLI,"Juârez Acoustic Guitar Kit, JRZ38C/BK 38 Inch Cutaway, 038C with Bag, Strings, Pick and Strap, Black",2174,6990,₹,68,4816,https://www.amazon.in/dp/B017NPCSLI?tag=discount0e8e-21&linkCode=osi&th=1&psc=1,https://m.media-amazon.com/images/I/51M9T0C4ssL._SL160_.jpg,MusicalInstruments,,false
B0FCYMP4D2,"pTron KWM-1 Omnidirectional Type C Wireless Microphone w/DSP Noise Cancellation, Plug & Play, 25m Wireless Range, Lapel Wireless Collar Mic for Video Recording, Supports Type C Android, iPhone(Black)",999,3199,₹,68,2200,https://www.amazon.in/dp/B0FCYMP4D2?tag=discount0e8e-21&linkCode=osi&th=1&psc=1,https://m.media-amazon.com/images/I/41s3C7OUrjL._SL160_.jpg,MusicalInstruments,,false
B088TZC4B6,"Little's Soft Cleansing Baby Wipes with Lid | 80 Wipes x Pack of 3 - 240 Wipes | Extra Thick & Moist Wet Wipes for Baby's | Prevents Rashes & Redness with Goodness of Aloe Vera, Vitamin E & Jojoba Oil",189,596,₹,68,407,https://www.amazon.in/dp/B088TZC4B6?tag=discount0e8e-21&linkCode=osi&th=1&psc=1,https://m.media-amazon.com/images/I/51EXze5byiL._SL160_.jpg,Baby,,false
B09J2T124D,"NutriPro Juicer Mixer Grinder - Smoothie Maker - 500 Watts (2 Jars & 1 Blade, Silver) - 2 Year Warranty",1599,5000,₹,68,3401,https://www.amazon.in/dp/B09J2T124D?tag=discount0e8e-21&linkCode=osi&th=1&psc=1,https://m.media-amazon.com/images/I/41PFfgE1TxL._SL160_.jpg,Appliances,,false
B0DRPCR5VK,"Wembley Rechargeable Karaoke Mic with Speaker for Singing | Wireless Mini Portable Bluetooth Speaker with Microphone & LED Lights | Cute Birthday Gift for Kids Musical Toys for Boys, Girls and Adults",546,1699,₹,67,1153,https://www.amazon.in/dp/B0DRPCR5VK?tag=discount0e8e-21&linkCode=osi&th=1&psc=1,https://m.media-amazon.com/images/I/41Mtcy5E4bL._SL160_.jpg,ToysAndGames,,false
B0D8BG7S4P,"Aristocrat Nova 15L Laptop Backpack for Men & Women with Bottle Pocket | Padded Shoulder Straps, Multi Compartments | Travel & College Bag | Dark Black",329,999,₹,67,670,https://www.amazon.in/dp/B0D8BG7S4P?tag=discount0e8e-21&linkCode=osi&th=1&psc=1,https://m.media-amazon.com/images/I/31eJTTlRPuL._SL160_.jpg,Luggage,,false
B08TV2P1N8,"boAt Rockerz 255 Pro+, 60HRS Battery, Fast Charge, IPX7, Dual Pairing, Low Latency, Magnetic Earbuds, in Ear Bluetooth Neckband, Wireless with Mic Earphones (Active Black)",1299,3990,₹,67,2691,https://www.amazon.in/dp/B08TV2P1N8?tag=discount0e8e-21&linkCode=osi&th=1&psc=1,https://m.media-amazon.com/images/I/41NVmSPAgAL._SL160_.jpg,Computers,,false
B0F7Y54PJX,"boAt 2025 Launch Rockerz 113, 40H Battery, Dual Pair, Fast Charge, ENx Tech, Stream Ad Free Music via App Support, Magnetic Buds, Bluetooth Neckband, Wireless with Mic in Ear Earphones (Active Black)",799,2490,₹,67,1691,https://www.amazon.in/dp/B0F7Y54PJX?tag=discount0e8e-21&linkCode=osi&th=1&psc=1,https://m.media-amazon.com/images/I/41YX5pqCzNL._SL160_.jpg,Computers,,false
B0BK1457X3,"Boldfit Shoe Bag for Travel Bag for Man & Women Shoe Cover for Storage at Home Gym Reusable Travelling Accessories Organizer Pouch Travel Essentials Footwear Bags for Travelling Men -Pack of 6, Black",199,592,₹,66,393,https://www.amazon.in/dp/B0BK1457X3?tag=discount0e8e-21&linkCode=osi&th=1&psc=1,https://m.media-amazon.com/images/I/51je6okhQ3L._SL160_.jpg,Luggage,,false
B088KRHPG5,"Juarez JRZ10HM Key C Diatonic Blues Harmonica 10 Hole 20 Tones with Case, Mouth Organ for Beginners, Students, Kids & Professionals, Silver",337,990,₹,65,653,https://www.amazon.in/dp/B088KRHPG5?tag=discount0e8e-21&linkCode=osi&th=1&psc=1,https://m.media-amazon.com/images/I/31xHLFzk+CL._SL160_.jpg,MusicalInstruments,,false
B09VTDMRY7,"FUR JADEN Anti Theft Number Lock Backpack Bag with 15.6 Inch Laptop Compartment, USB Charging Port & Organizer Pocket for Men Women Boys Girls (Black)",699,2000,₹,65,1301,https://www.amazon.in/dp/B09VTDMRY7?tag=discount0e8e-21&linkCode=osi&th=1&psc=1,https://m.media-amazon.com/images/I/31fAITaT6rL._SL160_.jpg,Luggage,,false
B0DQ5Q65MD,"OSNETRA Thakurji Papyrus Artwork | Handcrafted Wall Art for Living Room, Office, and Meditation Space (WITHOUT FRAME) (21 CM x 30 CM)",899,2600,₹,65,1701,https://www.amazon.in/dp/B0DQ5Q65MD?tag=discount0e8e-21&linkCode=osi&th=1&psc=1,https://m.media-amazon.com/images/I/41t9kIlD2VL._SL160_.jpg,Collectibles,,false
B0DNZVZ376,"OSNETRA - Tree of Life Papyrus Artwork | Wall Art, Handcrafted Vastu Art, Painting, Home, Office, Prosperity painting (WITHOUT FRAME) (21 CM x 30 CM)",898,2600,₹,65,1702,https://www.amazon.in/dp/B0DNZVZ376?tag=discount0e8e-21&linkCode=osi&th=1&psc=1,https://m.media-amazon.com/images/I/511eQapu24L._SL160_.jpg,Collectibles,,false
B0DDHM6D3L,"Portronics Conch Theta C in Ear Type C Wired Earphones with in Line HD Mic, Powerful Audio, 14.2mm Driver, Unique Earbuds Design, TPE Anti Tangle Wire, in line Controls, Wide Compatibility(White)",279,799,₹,65,520,https://www.amazon.in/dp/B0DDHM6D3L?tag=discount0e8e-21&linkCode=osi&th=1&psc=1,https://m.media-amazon.com/images/I/31jwfIOURoL._SL160_.jpg,Computers,,false
B0DL3CH93D,"Portronics Tune, 2-in-1 Wireless Car Receiver, Converts Wired Auto Android & CarPlay to Wireless, Bluetooth Connectivity, Only for Cars with OEM Installed Wired Android Auto/CarPlay (Black)",1799,4999,₹,64,3200,https://www.amazon.in/dp/B0DL3CH93D?tag=discount0e8e-21&linkCode=osi&th=1&psc=1,https://m.media-amazon.com/images/I/41IA7z9icoL._SL160_.jpg,Automotive,,false
B0CNQ75PC8,EvoFox Starter Series Spectre USB Wired Gaming Mouse with Upto 3600 DPI Gaming Sensor | 6 Buttons Design | Upto 7 Million Clicks | 7 Colours Rainbow Lighting with Breathing Effect | 1.5m Braided Cable (Black),298,799,₹,62,501,https://www.amazon.in/dp/B0CNQ75PC8?tag=discount0e8e-21&linkCode=osi&th=1&psc=1,https://m.media-amazon.com/images/I/3183YJQkCoL._SL160_.jpg,VideoGames,,false
B0BVW64V54,VGRASSP 24 Pcs Air Dry Clay for Kids with 6 Sculpting Tools - Creative Art & Crafts Play Dough Birthday Return Gift for Boys and Girls - Color As Per Stock,149,399,₹,62,250,https://www.amazon.in/dp/B0BVW64V54?tag=discount0e8e-21&linkCode=osi&th=1&psc=1,https://m.media-amazon.com/images/I/51C2bqcv9kL._SL160_.jpg,ToysAndGames,,false
B0CG19T4SX,Amazon Basics Scoopable Smart White Bentonite Scented Cat Litter | 10 Kg | 5 Kg X 2 Packs | Organic | Bentonite From Turkey | Dust-Free | Lavender Fragrance,569,1499,₹,62,930,https://www.amazon.in/dp/B0CG19T4SX?tag=discount0e8e-21&linkCode=osi&th=1&psc=1,https://m.media-amazon.com/images/I/41xo9jW3HAL._SL160_.jpg,PetSupplies,,false
B0BQM83QVL,"Boldfit Eye Mask for Sleeping with Adjustable Strap Super Soft Sleeping Mask Blind Fold for Comfortable Sleep Travelling Sleep Mask Pad for Girls - Black, Silk",189,499,₹,62,310,https://www.amazon.in/dp/B0BQM83QVL?tag=discount0e8e-21&linkCode=osi&th=1&psc=1,https://m.media-amazon.com/images/I/41KOG34wB5L._SL160_.jpg,Luggage,,false
B0F3CWPXFY,"Hallstatt Aluminium Pack of 2, Self Adhesive Bathroom Shelf for Wall Shelf Organizer Wall Mounted Bathroom Shelves Rack Holder Stand for Bathroom Accessories Organiser Without Drill (Pack of 2)",746,1999,₹,62,1253,https://www.amazon.in/dp/B0F3CWPXFY?tag=discount0e8e-21&linkCode=osi&th=1&psc=1,https://m.media-amazon.com/images/I/51oxJMEGsWL._SL160_.jpg,Furniture,,false
B0BRVDXZ28,Privesh® Stainless Steel Modern Kitchen Storage Rack Folding Perforated Design Trolley Spice Fruits and Vegetable Onion Potato Organizer Stand Trolley with Wheel Kitchen Trolley (4 Layer Trolley),1128,2999,₹,62,1871,https://www.amazon.in/dp/B0BRVDXZ28?tag=discount0e8e-21&linkCode=osi&th=1&psc=1,https://m.media-amazon.com/images/I/51hBK3sQVmL._SL160_.jpg,Furniture,,false
B07X34F9MF,"Mee Mee Wet Wipes for Baby Skin with Aloe Vera 72Pcs, Pack of 3 | Paraben Free, Fragrance Free, pH Balanced, Dermatologically Safe, Baby Wipes Combo | Pack With Lid",199,537,₹,62,338,https://www.amazon.in/dp/B07X34F9MF?tag=discount0e8e-21&linkCode=osi&th=1&psc=1,https://m.media-amazon.com/images/I/41qpxJ95HcL._SL160_.jpg,Baby,,false
B0DY1XYMYW,"Oslen Metal (Pack of 2 Self-Adhesive Shelf/Storage Organizer for Bathroom and Kitchen Corner Wall Mounted Rack Shelf Bathroom Accessories Storage Rack (No Drilling-Shelf Adhesive) (8 and 9 INCH,Black)",299,755,₹,60,456,https://www.amazon.in/dp/B0DY1XYMYW?tag=discount0e8e-21&linkCode=osi&th=1&psc=1,https://m.media-amazon.com/images/I/51OtdGHVvGL._SL160_.jpg,ToolsAndHomeImprovement,,false
B0B6NSDR2H,Slovic Pull up Bar for Home Kids [100 KG] | No Screw Pull Up Bar Wall Mounted with Anti-Skid Grip | Pull-up Bar for Home Workout | Gym Equipment for Home Workout (Length 62 to 100 CM),599,1499,₹,60,900,https://www.amazon.in/dp/B0B6NSDR2H?tag=discount0e8e-21&linkCode=osi&th=1&psc=1,https://m.media-amazon.com/images/I/418jFsJpObL._SL160_.jpg,SportsAndOutdoors,,false
B0D37LQZBY,"RENESMEE Memory Foam Shoe Insoles, Elastic Shock Absorbing Height Increasing Sports Shoe Insoles For Men And Women Cuttable Soft Breathable Honeycomb Orthotic Replacement Inserts (Size EU 40-45)",236,599,₹,60,363,https://www.amazon.in/dp/B0D37LQZBY?tag=discount0e8e-21&linkCode=osi&th=1&psc=1,https://m.media-amazon.com/images/I/41kTdYYSPuL._SL160_.jpg,Shoes,,false
B0BRY84H2H,"Boldfit Full Face Helmet Mask for Bikers in Riding UV Protected, Balaclava, Black Mask for Bike Riding and Cycling Accessories for Men & Women",199,499,₹,60,300,https://www.amazon.in/dp/B0BRY84H2H?tag=discount0e8e-21&linkCode=osi&th=1&psc=1,https://m.media-amazon.com/images/I/31m7-ET2lZL._SL160_.jpg,Automotive,,false
B0CMXQN2B4,"Ant Esports KM1610 LED Gaming Keyboard and Mouse Combo, 104 Keys Rainbow Backlit Keyboard and 7 Colour RGB Mouse for PC Laptop Xbox PS4 Gamers and Work, White",899,2199,₹,59,1300,https://www.amazon.in/dp/B0CMXQN2B4?tag=discount0e8e-21&linkCode=osi&th=1&psc=1,https://m.media-amazon.com/images/I/41nv4lCdoTL._SL160_.jpg,VideoGames,,false
B0FS1K4LKG,Enakshi® 2xCoffee Stir Stick Sturdy Wood Stirrer for Cocktail Shaker Coffee Coffee Shop|Collectibles | Barware | Swizzle/Stir Sticks,608,1502,₹,59,894,https://www.amazon.in/dp/B0FS1K4LKG?tag=discount0e8e-21&linkCode=osi&th=1&psc=1,https://m.media-amazon.com/images/I/11Qqkn1JP8L._SL160_.jpg,Collectibles,,false
B0DQD8HWWG,"GRENARO Mic for YouTube Wireless, 3-Level Adjustable Noise Reduction Mic Wireless,S12 Wireless Microphone for Youtubers with LED Indicator Light (Single Channel Type-C Port Version)",838,1999,₹,58,1161,https://www.amazon.in/dp/B0DQD8HWWG?tag=discount0e8e-21&linkCode=osi&th=1&psc=1,https://m.media-amazon.com/images/I/41MhjOOnxLL._SL160_.jpg,MusicalInstruments,,false
B0CPSD3ZY6,"Fake It 'til You Make It: A laugh-out-loud, fake-dating romantic comedy from Laura Carter",154,367,₹,58,213,https://www.amazon.in/dp/B0CPSD3ZY6?tag=discount0e8e-21&linkCode=osi&th=1&psc=1,https://m.media-amazon.com/images/I/41d9QKZK+UL._SL160_.jpg,KindleStore,,false
B09YJ475JC,Lifelong LLYM92 Yoga mat for Women & Men EVA Material 4mm Grey Anti Slip for Gym Workout,299,699,₹,57,400,https://www.amazon.in/dp/B09YJ475JC?tag=discount0e8e-21&linkCode=osi&th=1&psc=1,https://m.media-amazon.com/images/I/41gej-IvzDL._SL160_.jpg,SportsAndOutdoors,,false
B08HSN58RK,"Konvio Neer Imported Tds Meter, Total Dissolved Solids Meter, Water Quality Tester, Ppm Tester For Water Testing - White",299,699,₹,57,400,https://www.amazon.in/dp/B08HSN58RK?tag=discount0e8e-21&linkCode=osi&th=1&psc=1,https://m.media-amazon.com/images/I/21l5+NsxCxS._SL160_.jpg,GardenAndOutdoor,,false
B0C43NYG9R,"Eveready CITYLITE Multipurpose Emergency Rechargeable Lantern|HL50|2W Torch & 3W Lantern|Micro USB Fast Charging|Overcharge Protection|Powered by 3.7V Li-Ion Battery|Red, Blue & Green, LED, 220 Lumen",329,750,₹,56,421,https://www.amazon.in/dp/B0C43NYG9R?tag=discount0e8e-21&linkCode=osi&th=1&psc=1,https://m.media-amazon.com/images/I/51zobBsIQUL._SL160_.jpg,SportsAndOutdoors,,false
B01GFTEV5Y,"Pigeon by Stovekraft Cruise 1800 watt Induction Cooktop With Crystal Glass,7 Segments LED Display, Auto Switch Off - Black",1399,3193,₹,56,1794,https://www.amazon.in/dp/B01GFTEV5Y?tag=discount0e8e-21&linkCode=osi&th=1&psc=1,https://m.media-amazon.com/images/I/41elhpwGJyL._SL160_.jpg,Appliances,,false
B0F54GKQ38,"Milton Rapid Electric Kettle 1.8L | 1500 Watts | Stainless Steel Hot Water portable Electric Kettle for Home, Office | Auto Shut-Off with Wide Mouth | Cool-touch Handle and Single-Touch Lid Lock",649,1499,₹,56,850,https://www.amazon.in/dp/B0F54GKQ38?tag=discount0e8e-21&linkCode=osi&th=1&psc=1,https://m.media-amazon.com/images/I/31aC0p8ZeQL._SL160_.jpg,Appliances,,false
B0CSN6N2L2,"ZEBRONICS Transformer PRO Gaming Wireless Keyboard & Mouse Combo with 2.4GHz, Aluminum Body, Built in Battery, Multicolor LED Modes, Type C, Double Shot Keycaps, up to 4000 DPI",1799,3999,₹,55.01,2200,https://www.amazon.in/dp/B0CSN6N2L2?tag=discount0e8e-21&linkCode=osi&th=1&psc=1,https://m.media-amazon.com/images/I/41SOsxHfibL._SL160_.jpg,VideoGames,,false
B0FC3LXNP4,"Samsung Galaxy Watch Ultra Smartwatch - 2025 Version, 47mm, Titanium Blue, LTE (CAD Version & Warranty) - Durable Titanium Casing, Cushion Design, Quick Button, AI-Powered Health Monitoring",31250,69999,₹,55,38749,https://www.amazon.in/dp/B0FC3LXNP4?tag=discount0e8e-21&linkCode=osi&th=1&psc=1,https://m.media-amazon.com/images/I/41ixIqGrw5L._SL160_.jpg,Watches,,false
B0D66VB4TH,EvoFox Blaze Ultra Value 8 Button Programmable Gaming Mouse with 1000Hz Polling Rate | Gaming Grade DPI 200 to 12800 | Ultra-Responsive 7000fps | RGB Lights with Music sync Mode | Windows Software,583,1299,₹,55,716,https://www.amazon.in/dp/B0D66VB4TH?tag=discount0e8e-21&linkCode=osi&th=1&psc=1,https://m.media-amazon.com/images/I/4100Epo9nmL._SL160_.jpg,VideoGames,,false
B09SLQPK3T,"Misamo Enterprise PVC Wall Hooks, Pack of 15, Transparent",179,399,₹,55,220,https://www.amazon.in/dp/B09SLQPK3T?tag=discount0e8e-21&linkCode=osi&th=1&psc=1,https://m.media-amazon.com/images/I/41tHrcufr1L._SL160_.jpg,ToolsAndHomeImprovement,,false
B073VKKNN9,Kaspersky | Premium - Total Security (Ultimate Security) | 1 Device | 1 Year | Email Delivery in 1 Hour,469,1049,₹,55,580,https://www.amazon.in/dp/B073VKKNN9?tag=discount0e8e-21&linkCode=osi&th=1&psc=1,https://m.media-amazon.com/images/I/51nq4sdBAsL._SL160_.jpg,Software,,false
9387779262,"My First Library: Boxset of 10 Board Books for Kids (Pack 1) | Includes ABC, Numbers, Shapes, Colors, Wild Animals, Farm Animals & Pets, Birds, Fruits, Vegetables & Transport | Early Learning Board Books for Babies, Toddlers & Preschoolers | Ages 0-3 Years",359,799,₹,55,440,https://www.amazon.in/dp/9387779262?tag=discount0e8e-21&linkCode=osi&th=1&psc=1,https://m.media-amazon.com/images/I/51CIxpl1ZoL._SL160_.jpg,Books,,false
B0D1M7GJYX,"Mommers Xylophone Musical Educational Toy for Kid (1-3Year Old) I Toddlers Babies Kids Girls, Boys I 2-in-1 Piano Combined I Safe for Drum Sticks for Fast and Fun Learning for Kid Pink",184,399,₹,53,215,https://www.amazon.in/dp/B0D1M7GJYX?tag=discount0e8e-21&linkCode=osi&th=1&psc=1,https://m.media-amazon.com/images/I/415RgkdbQzL._SL160_.jpg,MusicalInstruments,,false
B0FRZ9DFWW,"K9 Dual Wireless Lavalier Microphone for Android/iPhone – 3-in-1 Collar Mic with USB-C & Lightning Plug | Furry Windscreens | Noise Cancellation | Vlogging, YouTube, Interviews, Reels (Blackcolour)",699,1499,₹,53,800,https://www.amazon.in/dp/B0FRZ9DFWW?tag=discount0e8e-21&linkCode=osi&th=1&psc=1,https://m.media-amazon.com/images/I/412sa06TPfL._SL160_.jpg,MusicalInstruments,,false
B07Q2BRTV7,Amazon Brand - Supples Premium Baby Diaper Pants | 62 Baby Diapers | Large | 9-14 Kg | 12 Hrs Absorption | Cushiony Cotton Soft Fabric | Phthalates-Free | Triple Leak Guard,439,945,₹,53,506,https://www.amazon.in/dp/B07Q2BRTV7?tag=discount0e8e-21&linkCode=osi&th=1&psc=1,https://m.media-amazon.com/images/I/41D+CHyFo+L._SL160_.jpg,Fashion,,false
B07Q2CS1BC,Amazon Brand - Supples Premium Baby Diaper Pants | 54 Baby Diapers | XL | 12-17 Kg | 12 Hrs Absorption | Cushiony Cotton Soft Fabric | Phthalates-Free | Triple Leak Guard,439,943,₹,53,504,https://www.amazon.in/dp/B07Q2CS1BC?tag=discount0e8e-21&linkCode=osi&th=1&psc=1,https://m.media-amazon.com/images/I/41Ql0bLHvbL._SL160_.jpg,Apparel,,false
B01LYBZX6Y,"CELLO Checkers PET Canister Set of 18 (300ml x 6, 650ml x 6, 1200 x 6), Transparent| Food grade | Stackable | For Grains, Pulses, Spice, Cereals, Cookies, Dry Fruits | Fridge Storage Container",529,1119,₹,52,590,https://www.amazon.in/dp/B01LYBZX6Y?tag=discount0e8e-21&linkCode=osi&th=1&psc=1,https://m.media-amazon.com/images/I/51nbqUW7ClL._SL160_.jpg,ToysAndGames,,false
B07JQH1L83,"UGREEN HDMI Switch 2 in 1 Out 4K 60Hz Splitter, Bi-Directional 2 Input 1 Output Support 3D Compatible with Xbox PS4 PS5 Blu-Ray Player TV Stick HDTV Monitor",1165,2338,₹,50,1173,https://www.amazon.in/dp/B07JQH1L83?tag=discount0e8e-21&linkCode=osi&th=1&psc=1,https://m.media-amazon.com/images/I/31j6BMC4sZL._SL160_.jpg,MoviesAndTV,,false
B0F3836QQ2,Club Bollywood®Durable PVC Metal Guitar Replacement Electric Drill String Winder Plug Peg Puller|||• |1X Guitar Electric Drill Plug,529,1060,₹,50,531,https://www.amazon.in/dp/B0F3836QQ2?tag=discount0e8e-21&linkCode=osi&th=1&psc=1,https://m.media-amazon.com/images/I/31bP5Nj738L._SL160_.jpg,Collectibles,,false
B0F382PLNR,Club Bollywood®Portable Smoking Pipe Storage Case Moisturize Box Holder| | |• |1 Piece Smoking Pipe Holder Case,781,1560,₹,49,779,https://www.amazon.in/dp/B0F382PLNR?tag=discount0e8e-21&linkCode=osi&th=1&psc=1,https://m.media-amazon.com/images/I/41dwEsRpl+L._SL160_.jpg,Collectibles,,false
B0BTD4S4XF,"American Tourister Valex Laptop Backpack, 28L & 17"" Inch Laptop Compartment, front organiser, bottle holder Backpack Bag For Man And Women, Black",1299,2500,₹,48.04,1201,https://www.amazon.in/dp/B0BTD4S4XF?tag=discount0e8e-21&linkCode=osi&th=1&psc=1,https://m.media-amazon.com/images/I/31G4L00mBjL._SL160_.jpg,Luggage,,false
B09MVWPC23,"LuvLap Pant Style Baby Diapers, X-Large (XL), 54 Count, For babies of Upto 12-17Kg with Aloe Vera Lotion for rash protection, with upto 12hr protection, Diapers",519,999,₹,48,480,https://www.amazon.in/dp/B09MVWPC23?tag=discount0e8e-21&linkCode=osi&th=1&psc=1,https://m.media-amazon.com/images/I/41nS5r5+FnL._SL160_.jpg,Baby,,false
B07WMS7TWB,"Pigeon by Stovekraft Amaze Plus Electric Kettle (14289) with Stainless Steel Body, 1.5 litre, used for boiling Water, making tea and coffee, instant noodles, soup etc. (Silver)",579,1101,₹,47,522,https://www.amazon.in/dp/B07WMS7TWB?tag=discount0e8e-21&linkCode=osi&th=1&psc=1,https://m.media-amazon.com/images/I/31na34LxwmL._SL160_.jpg,HomeAndKitchen,,false
B0D2R2MXXJ,"Samsung Original 25W Type-C Travel Adaptor Without Cable, White",899,1699,₹,47,800,https://www.amazon.in/dp/B0D2R2MXXJ?tag=discount0e8e-21&linkCode=osi&th=1&psc=1,https://m.media-amazon.com/images/I/21e1IagopSL._SL160_.jpg,Electronics,,false
B085366TJW,"EvoFox Fireblade TKL Semi-Mechanical Gaming Keyboard with Rainbow Backlit& Breathing Effect, Floating Keycaps, 19 Anti-Ghosting & 12 Multimedia Keys, Windows Lock Key, Braided Cable (Black)",698,1299,₹,46,601,https://www.amazon.in/dp/B085366TJW?tag=discount0e8e-21&linkCode=osi&th=1&psc=1,https://m.media-amazon.com/images/I/31-rF5rB3UL._SL160_.jpg,VideoGames,,false
B0D962SZZ1,"Fastrack Limitless FS2+ Smart Watch, 2.01"" UltraVU Display, Functional Crown, SingleSync BT Calling, 110+ Sports Modes, 200+ Smartwatch Faces, Upto 7 Day Battery, AI Voice Assistant (Black)",1599,2995,₹,46,1396,https://www.amazon.in/dp/B0D962SZZ1?tag=discount0e8e-21&linkCode=osi&th=1&psc=1,https://m.media-amazon.com/images/I/41UMUdeigrL._SL160_.jpg,Watches,,false
B0DGGVHMDS,"Fastrack Astor FR2 Pro 1.43"" AMOLED Stainless Steel Smart Watch with SpO2, Heart Rate, BT Calling, Adaptive AOD, Functional Crown, AI Voice Assistant – Smartwatch for Stylish Professionals (Black)",2999,5499,₹,45,2500,https://www.amazon.in/dp/B0DGGVHMDS?tag=discount0e8e-21&linkCode=osi&th=1&psc=1,https://m.media-amazon.com/images/I/412iPERxh+L._SL160_.jpg,Watches,,false
B0CQRNWJM2,"ZEBRONICS Blanc Slim Wireless Mouse with Rechargeable Battery, BT + 2.4GHz, 4 Buttons, 800/1200/1600 DPI, Silent Operation, Multicolor LED Lights",436,799,₹,45,363,https://www.amazon.in/dp/B0CQRNWJM2?tag=discount0e8e-21&linkCode=osi&th=1&psc=1,https://m.media-amazon.com/images/I/31kSpToKi8L._SL160_.jpg,VideoGames,,false
B07XLML2YS,Tapo C200 360° 2MP 1080p Full HD Pan/Tilt Home Security Wi-Fi Smart Camera| Alexa Enabled| 2-Way Audio| Night Vision| Motion Detection| Sound and Light Alarm| Indoor CCTV White,1799,3299,₹,45,1500,https://www.amazon.in/dp/B07XLML2YS?tag=discount0e8e-21&linkCode=osi&th=1&psc=1,https://m.media-amazon.com/images/I/31676ChqGqL._SL160_.jpg,ToolsAndHomeImprovement,,false
B00CBRJ34E,"Parachute Advansed Deep Nourish Body Lotion for Women & Men, Dry Skin, 400ml | Pure Coconut Milk, 100% Natural, 72h Moisturisation",149,275,₹,45,126,https://www.amazon.in/dp/B00CBRJ34E?tag=discount0e8e-21&linkCode=osi&th=1&psc=1,https://m.media-amazon.com/images/I/31nrumB-R3L._SL160_.jpg,Beauty,,false
B09MVWHJ9J,"LuvLap Pant Style Baby Diapers, Large (L), 62 Count, For babies of Upto 9-14Kg with Aloe Vera Lotion for rash protection, with upto 12hr protection, Diapers",545,999,₹,45,454,https://www.amazon.in/dp/B09MVWHJ9J?tag=discount0e8e-21&linkCode=osi&th=1&psc=1,https://m.media-amazon.com/images/I/41pLhrGwBDL._SL160_.jpg,Baby,,false
B0BTV16YBF,50 Things to Realize Before It's too late (Thought Provoking Series Book 1),248,449,₹,44,201,https://www.amazon.in/dp/B0BTV16YBF?tag=discount0e8e-21&linkCode=osi&th=1&psc=1,https://m.media-amazon.com/images/I/41+hQSty+tL._SL160_.jpg,KindleStore,,false
B0D78X544X,"Redmi 13 5G Prime Edition, Hawaiian Blue, 8GB+128GB | India Debut SD 4 Gen 2 AE | 108MP Pro Grade Camera | 6.79in Largest Display in Segment",11199,19999,₹,44,8800,https://www.amazon.in/dp/B0D78X544X?tag=discount0e8e-21&linkCode=osi&th=1&psc=1,https://m.media-amazon.com/images/I/51hAAMX6sBL._SL160_.jpg,Electronics,,false
1847941834,Atomic Habits: The life-changing million copy bestseller,495,899,₹,44,404,https://www.amazon.in/dp/1847941834?tag=discount0e8e-21&linkCode=osi&th=1&psc=1,https://m.media-amazon.com/images/I/419aJfhczCL._SL160_.jpg,Books,,false
B073VKKNND,"McAfee Total Protection 2025 | 1 Device, 1 Year | Antivirus Internet Security Software | Scam Protection & Identity Monitoring Included | PC/Mac/Android/iOS | Email Delivery",740,1299,₹,43,559,https://www.amazon.in/dp/B073VKKNND?tag=discount0e8e-21&linkCode=osi&th=1&psc=1,https://m.media-amazon.com/images/I/41C1i1XrN1L._SL160_.jpg,Software,,false
B07JF9B592,Maono AU-400 Lavalier Microphone (Black),397,699,₹,43,302,https://www.amazon.in/dp/B07JF9B592?tag=discount0e8e-21&linkCode=osi&th=1&psc=1,https://m.media-amazon.com/images/I/413viCgpI+L._SL160_.jpg,MusicalInstruments,,false
B01069X4H0,The 7 Habits of Highly Effective People: The Infographics Edition,251,448,₹,43,197,https://www.amazon.in/dp/B01069X4H0?tag=discount0e8e-21&linkCode=osi&th=1&psc=1,https://m.media-amazon.com/images/I/41mA50L+gQL._SL160_.jpg,KindleStore,,false
B09GP8BLSM,NOVEL Baby Wet Wipes/Pack With Lid (Pack of 6-80 Sheet),281,500,₹,43,219,https://www.amazon.in/dp/B09GP8BLSM?tag=discount0e8e-21&linkCode=osi&th=1&psc=1,https://m.media-amazon.com/images/I/51nF1JKdWCL._SL160_.jpg,Baby,,false
B00H5NMNXC,Himalaya Gentle Baby Shampoo (400 ml),227,400,₹,43,173,https://www.amazon.in/dp/B00H5NMNXC?tag=discount0e8e-21&linkCode=osi&th=1&psc=1,https://m.media-amazon.com/images/I/31g+JyVk7pL._SL160_.jpg,Baby,,false
B0BZSQGFQ6,"GM 3 Pin 6 AMP Universal Multiplug Travel Adapter with 4 Charging Point | Useful for Home Applications, Mobiles, Computers, Laptops | Adapter with Inbuilt Surge Protector & Power Indicator | GM 3019",229,390,₹,41,161,https://www.amazon.in/dp/B0BZSQGFQ6?tag=discount0e8e-21&linkCode=osi&th=1&psc=1,https://m.media-amazon.com/images/I/31LMprx4UvL._SL160_.jpg,Luggage,,false
B0CNM27L5P,"SNEAKARE Quick Shoe Cleaning Kit | Contains 150ml Foam Shoe Cleaner & 1 Medium Shoes Brush | Sneaker Cleaning Kit | Suitable for Sneakers, Nubuck, Leather, Suede & Sport Shoes",298,499,₹,40,201,https://www.amazon.in/dp/B0CNM27L5P?tag=discount0e8e-21&linkCode=osi&th=1&psc=1,https://m.media-amazon.com/images/I/41w98Jer+eL._SL160_.jpg,Shoes,,false
B08F6MVHRR,V For Vendetta,2999,4999,₹,40,2000,https://www.amazon.in/dp/B08F6MVHRR?tag=discount0e8e-21&linkCode=osi&th=1&psc=1,https://m.media-amazon.com/images/I/411ZNKeaXEL._SL160_.jpg,MoviesAndTV,,false
B0D53YGZNK,"Cubiker Engineered Wood Multipurpose Foldable Laptop Table with Cup Holder | Table Home Study Writing Table, Foldable and Portable/Ergonomic Edges (Black - 60[L] X 40[W] X 24[H] Cm)",599,999,₹,40,400,https://www.amazon.in/dp/B0D53YGZNK?tag=discount0e8e-21&linkCode=osi&th=1&psc=1,https://m.media-amazon.com/images/I/31urzPIxpwL._SL160_.jpg,Furniture,,false
B0DDYC3R72,Handymade (koduku Aruval) for Agricultural Use | Made of Strong Suspension Leaf | Heavyduity Billhook | Iron Aruval with Wooden Handle/Kattan Vettukathi/Coconut Cutting Aruva,1499,2499,₹,40,1000,https://www.amazon.in/dp/B0DDYC3R72?tag=discount0e8e-21&linkCode=osi&th=1&psc=1,https://m.media-amazon.com/images/I/31uFM3xnArL._SL160_.jpg,Collectibles,,false
B0CBNR2ML6,"Mattel Games ​UNO Show ‘em No Mercy Card Game for Kids, Adults & Family Parties and Travel with Extra Cards, Special Rules and Tougher Penalties.",181,299,₹,39,118,https://www.amazon.in/dp/B0CBNR2ML6?tag=discount0e8e-21&linkCode=osi&th=1&psc=1,https://m.media-amazon.com/images/I/51Wv2s7pOpL._SL160_.jpg,ToysAndGames,,false
B0BF9L5CK8,Persona 5 Royal Standard Ed,3390,5499,₹,38,2109,https://www.amazon.in/dp/B0BF9L5CK8?tag=discount0e8e-21&linkCode=osi&th=1&psc=1,https://m.media-amazon.com/images/I/516uCx8lMyL._SL160_.jpg,MoviesAndTV,,false
B07575FPC3,"Tata Salt 1 Kg, Free Flowing and Iodised Namak, Vacuum Evaporated, Salt in Fresh",93,150,₹,38,57,https://www.amazon.in/dp/B07575FPC3?tag=discount0e8e-21&linkCode=osi&th=1&psc=1,https://m.media-amazon.com/images/I/51ZkJ-B1EYL._SL160_.jpg,GroceryAndGourmetFood,,false
B0817S14MZ,"LuvLap Moisturising Wipes with Aloe Vera Lid (72 Wipes/Pack, Pack of 3)",212,345,₹,38,133,https://www.amazon.in/dp/B0817S14MZ?tag=discount0e8e-21&linkCode=osi&th=1&psc=1,https://m.media-amazon.com/images/I/41lFvVnqkgL._SL160_.jpg,Apparel,,false
B08F38HSMN,ToysBuddy Kick and Play Multi-Function ABS High Grade Plastic Piano Baby Gym and Fitness Rack Products,546,868,₹,37,322,https://www.amazon.in/dp/B08F38HSMN?tag=discount0e8e-21&linkCode=osi&th=1&psc=1,https://m.media-amazon.com/images/I/411VjT3iOIL._SL160_.jpg,ToysAndGames,,false
B0CSPG8D76,Ariel Matic Liquid Detergent Top Load - 4L | Removes 7 day dried-in Stains in 1 wash inside Washing Machine | Now at Price of Powders | Amazing Fragrance | Protects Colours | Dissolves Faster,509,809,₹,37,300,https://www.amazon.in/dp/B0CSPG8D76?tag=discount0e8e-21&linkCode=osi&th=1&psc=1,https://m.media-amazon.com/images/I/41qnWIhKLTL._SL160_.jpg,Industrial,,false
B07KCCSJG8,Shadow Securitronics Tom CAT No Entry Rat Repellent Spray for Cars Highly Effective with and Lasts 1 Year Leak Free Easy to Spray Nozzle 1st time in India (1) - FORMULATION 1 X,440,699,₹,37,259,https://www.amazon.in/dp/B07KCCSJG8?tag=discount0e8e-21&linkCode=osi&th=1&psc=1,https://m.media-amazon.com/images/I/41QFJET35OL._SL160_.jpg,GardenAndOutdoor,,false
B07Y8T68PS,"Mamypoko pants All Night Absorb| Pant Style Baby Diapers Large Size(L), 44 Count, Ideal for 9-14Kgs|+50% wider and repeated absorption for all night 12hr protection from leakage, prevents heaviness.",375,599,₹,37,224,https://www.amazon.in/dp/B07Y8T68PS?tag=discount0e8e-21&linkCode=osi&th=1&psc=1,https://m.media-amazon.com/images/I/51fx9BccYRL._SL160_.jpg,Baby,,false
B07Y8S7T6M,"Mamypoko Pants All Night Absorb| Pant Style Baby Diapers Large Size(L), 66 Count, Ideal for 9-14Kgs|+50% Wider and Repeated Absorption for All Night 12hr Protection from Leakage, Prevents Heaviness.",,,₹,37,,https://www.amazon.in/dp/B07Y8S7T6M?tag=discount0e8e-21&linkCode=osi&th=1&psc=1,https://m.media-amazon.com/images/I/51bzP8JMlyL._SL160_.jpg,Baby,,false
B073VLGMZ4,"McAfee Total Protection 2025 | 1 Device, 3 Years | Antivirus Internet Security Software | Scam Protection & Identity Monitoring Included | PC/Mac/Android/iOS | Email Delivery",1599,2500,₹,36,901,https://www.amazon.in/dp/B073VLGMZ4?tag=discount0e8e-21&linkCode=osi&th=1&psc=1,https://m.media-amazon.com/images/I/51WS+IgtDKL._SL160_.jpg,Software,,false
B07Y8SD66L,"Mamypoko Pants All Night Absorb| Pant Style Baby Diapers Medium Size(M), 72 Count, Ideal for 7-12Kgs|+50% Wider and Repeated Absorption for All Night 12hr Protection from Leakage, Prevents Heaviness.",572,899,₹,36,327,https://www.amazon.in/dp/B07Y8SD66L?tag=discount0e8e-21&linkCode=osi&th=1&psc=1,https://m.media-amazon.com/images/I/51EryddR-DL._SL160_.jpg,Baby,,false
B07JPGWH5R,Mother Sparsh 99% Pure Water (Unscented) Baby Wipes with Lid I Natural Plant made cloth - Super thick Wet Wipes I 72 pcs/pack - Pack of 2 (Super Saver Pack),369,568,₹,35,199,https://www.amazon.in/dp/B07JPGWH5R?tag=discount0e8e-21&linkCode=osi&th=1&psc=1,https://m.media-amazon.com/images/I/41M2v6n88IL._SL160_.jpg,Apparel,,false
B0DZ6LLZTT,"EvoFox One S 3-Mode Wireless Gamepad – HallSense™ Precision Joysticks, Bluetooth 5.0, 2.4GHz & Wired Connectivity, Macro & Precision Buttons, Fast Type-C Charging & Dual Vibration, for PC, Mobile & Console Gaming",1499,2299,₹,34,800,https://www.amazon.in/dp/B0DZ6LLZTT?tag=discount0e8e-21&linkCode=osi&th=1&psc=1,https://m.media-amazon.com/images/I/31yXL-WHk7L._SL160_.jpg,VideoGames,,false
B074N7VHV4,"Tata Sampann Unpolished Toor Dal/Arhar Dal, 1kg",137,210,₹,34,73,https://www.amazon.in/dp/B074N7VHV4?tag=discount0e8e-21&linkCode=osi&th=1&psc=1,https://m.media-amazon.com/images/I/51WVHJCjMWL._SL160_.jpg,HealthPersonalCare,,false
B0D8BL4SD2,"SHOEGR Instant Duo Shoe Cleaning Kit | 2 x Shoe Cleaning Foam (150ml) and 1 All Purpose Shoe Cleaner Brush, White Shoes Cleaning Kit, Sneaker Cleaner Kit For Sneakers, Sports Shoe Cleaner Foam Spray",397,599,₹,33,202,https://www.amazon.in/dp/B0D8BL4SD2?tag=discount0e8e-21&linkCode=osi&th=1&psc=1,https://m.media-amazon.com/images/I/41kDwb6rIlL._SL160_.jpg,Shoes,,false
B08GYDZ6SF,UCRAVO Double Sided Tape Heavy Duty - Multipurpose Removable Traceless Mounting Adhesive Tape for Walls，Washable Reusable Strong Sticky Strips Grip Tape,199,299,₹,33,100,https://www.amazon.in/dp/B08GYDZ6SF?tag=discount0e8e-21&linkCode=osi&th=1&psc=1,https://m.media-amazon.com/images/I/41lBPkOf52L._SL160_.jpg,OfficeProducts,,false
B0CSPCZ3DZ,Ariel Liquid Detergent Front Load - 4L | Removes 7 day dried-in Stains in 1 wash inside Washing Machine | Now at Price of Powders | Amazing Fragrance | Protects Colours | Dissolves Faster,605,909,₹,33,304,https://www.amazon.in/dp/B0CSPCZ3DZ?tag=discount0e8e-21&linkCode=osi&th=1&psc=1,https://m.media-amazon.com/images/I/4197D5A7syL._SL160_.jpg,Industrial,,false
B0DSVQVF98,"Happi Planet | Kitchen Cleaner | India’s 1st Foaming Formulation for Less Scrubbing | 500ml | Suitable for Stoves, Chimneys, Counter Tops, Appliances, Walls & Cabinets | Non Toxic & Natural",200,299,₹,33,99,https://www.amazon.in/dp/B0DSVQVF98?tag=discount0e8e-21&linkCode=osi&th=1&psc=1,https://m.media-amazon.com/images/I/41WV9xqHY2L._SL160_.jpg,HealthPersonalCare,,false
B0DG64CL4M,"Happi Planet | Tap Cleaner & Limescale Remover | India’s 1st Foaming Formulation for Reduced Scrubbing Effort, Non-Toxic | 500ml | All Purpose Cleaner Suitable for Bathroom, Tap, Shower, Tiles, Mirror",200,299,₹,33,99,https://www.amazon.in/dp/B0DG64CL4M?tag=discount0e8e-21&linkCode=osi&th=1&psc=1,https://m.media-amazon.com/images/I/41Iyv7Jn0UL._SL160_.jpg,HealthPersonalCare,,false
B0DFQ1R3W4,"OnePlus Nord Buds 3 Truly Wireless Bluetooth in Ear Earbuds with Up to 32Db Active Noise Cancellation,10Mins for 11Hours Fast Charging with Up to 43H Music Playback -Harmonic Gray",1899,2799,₹,32,900,https://www.amazon.in/dp/B0DFQ1R3W4?tag=discount0e8e-21&linkCode=osi&th=1&psc=1,https://m.media-amazon.com/images/I/31gtxHHEj9L._SL160_.jpg,Electronics,,false
B0B6XQGXJW,"L Oréal Paris Moisture Filling Shampoo, With Hyaluronic Acid, For Dry & Dehydrated Hair, Adds Shine & Bounce, Hyaluron Moisture 72H, 340Ml.",264,389,₹,32,125,https://www.amazon.in/dp/B0B6XQGXJW?tag=discount0e8e-21&linkCode=osi&th=1&psc=1,https://m.media-amazon.com/images/I/31tSZsGHcuL._SL160_.jpg,Beauty,,false
B07PJQX981,"Beco Reusable Kitchen Towel Roll-2000 Times Washable|Soft & Highly Absorbent|Better Alternative to Dishcloth, Kitchen Tissue Paper Roll/Paper Towel|Eco Bamboo Wipes for Home Cleaning|20 Sheets",239,350,₹,31,111,https://www.amazon.in/dp/B07PJQX981?tag=discount0e8e-21&linkCode=osi&th=1&psc=1,https://m.media-amazon.com/images/I/41bNnbPE9mL._SL160_.jpg,Industrial,,false
B0DLW427YG,"Redmi A4 5G (Sparkle Purple, 4GB RAM, 64GB Storage) | Segment Largest 6.88in 120Hz | 50MP Dual Camera | 18W Fast Charging | Charger in The Box",7499,10999,₹,31,3500,https://www.amazon.in/dp/B0DLW427YG?tag=discount0e8e-21&linkCode=osi&th=1&psc=1,https://m.media-amazon.com/images/I/4146RWmsLuL._SL160_.jpg,Electronics,,false
B000LQUA6M,Simple Kind To Skin Refreshing Facial Wash 150 ml | 100% Soap-Free Facewash that doesn't dry out your skin| For All Skin Types,265,385,₹,31,120,https://www.amazon.in/dp/B000LQUA6M?tag=discount0e8e-21&linkCode=osi&th=1&psc=1,https://m.media-amazon.com/images/I/41t2s0QoMSL._SL160_.jpg,Beauty,,false
0241745160,"Diary of a Wimpy Kid: Partypooper | Hilarious 20th Book in Jeff Kinney’s #1 International Bestseller Series Filled with Birthday Chaos, Laugh-Out-Loud ... Fun: THE BRAND-NEW, HILARIOUS WIMPY KID BOOK",478,699,₹,31,221,https://www.amazon.in/dp/0241745160?tag=discount0e8e-21&linkCode=osi&th=1&psc=1,https://m.media-amazon.com/images/I/51nPmtDIV5L._SL160_.jpg,Books,,false
B0C8JB3G5W,"OnePlus Nord Buds 2r True Wireless in Ear Earbuds with Mic, 12.4mm Drivers, Playback:Upto 38hr case,4-Mic Design, IP55 Rating [Deep Grey]",1599,2299,₹,30,700,https://www.amazon.in/dp/B0C8JB3G5W?tag=discount0e8e-21&linkCode=osi&th=1&psc=1,https://m.media-amazon.com/images/I/31hXqtvutdL._SL160_.jpg,Electronics,,false
9371868554,"सफलता के 24 अध्याय (24 Chapters of Success) by Sonu Sharma | Hindi Self Help & Motivation Book on Success, Mindset, Habits, Wealth, Leadership, Health & Personal Growth",348,499,₹,30,151,https://www.amazon.in/dp/9371868554?tag=discount0e8e-21&linkCode=osi&th=1&psc=1,https://m.media-amazon.com/images/I/41T-JXpfOoL._SL160_.jpg,Books,,false
B0B573QW21,"WishCare Hair Growth Serum Concentrate - 3% Redensyl, 4% Anagain, 2% Baicapil, Caffeine, Biotin, Plant Keratin & Rice Water - Hair Growth Serum For Men & Women, 30ml",699,999,₹,30,300,https://www.amazon.in/dp/B0B573QW21?tag=discount0e8e-21&linkCode=osi&th=1&psc=1,https://m.media-amazon.com/images/I/4150OTCzbML._SL160_.jpg,Beauty,,false
9369896872,12 Years: My Messed-up Love Story,283,399,₹,29,116,https://www.amazon.in/dp/9369896872?tag=discount0e8e-21&linkCode=osi&th=1&psc=1,https://m.media-amazon.com/images/I/41+aIwopttL._SL160_.jpg,Books,,false
B0BT1M24FN,amazon basics Electric Egg Boiler | 3 Boiling Modes | Automatic Operation | Overheat Protection | 75ml | Plastic | White,459,650,₹,29,191,https://www.amazon.in/dp/B0BT1M24FN?tag=discount0e8e-21&linkCode=osi&th=1&psc=1,https://m.media-amazon.com/images/I/41z7nDJEy4L._SL160_.jpg,Appliances,,false
B0F9TT7Z5Q,"realme NARZO 80 Lite 5G (Crystal Purple, 6GB+128GB) | 6000mAh Long-Lasting Battery | MediaTek Dimensity 6300 5G | AI Assist | IP64 Rated Water & Dust Resistance | Military-Grade Durability",10748,14999,₹,28,4251,https://www.amazon.in/dp/B0F9TT7Z5Q?tag=discount0e8e-21&linkCode=osi&th=1&psc=1,https://m.media-amazon.com/images/I/41hyMMjlg2L._SL160_.jpg,Electronics,,false
B0DYJ8GT65,UVID Artist Acrylic Colours set of 10pcs (15ml Each),179,250,₹,28,71,https://www.amazon.in/dp/B0DYJ8GT65?tag=discount0e8e-21&linkCode=osi&th=1&psc=1,https://m.media-amazon.com/images/I/41UsNGe0xRL._SL160_.jpg,Collectibles,,false
B07DP24NSR,"Pampers Complete Skin Comfort Pants, Anti-rash blanket, Lotion with Vitamin E & Aloe Vera, Medium (M), 76 Count, 7-12kg",862,1199,₹,28,337,https://www.amazon.in/dp/B07DP24NSR?tag=discount0e8e-21&linkCode=osi&th=1&psc=1,https://m.media-amazon.com/images/I/51ZVgfhpL-L._SL160_.jpg,Baby,,false
B00NBM0WD4,"Scotch-Brite Rubber Heavy Duty Hand gloves for Dishwashing, gardening, kitchen cleaning ( Inner cotton lining for comfort), 1 Pair",123,170,₹,27,47,https://www.amazon.in/dp/B00NBM0WD4?tag=discount0e8e-21&linkCode=osi&th=1&psc=1,https://m.media-amazon.com/images/I/41P-NigAPbL._SL160_.jpg,ToolsAndHomeImprovement,,false
B0BZ3WNQ5T,"Scotch Extreme Double Sided Tape by 3M, 1M Holds 6.7Kg, Works On Uneven Surfaces, Weather Resistant, Works On Indoor, Outdoor, Auto Interior Surfaces, (L: 1.5m, W: 19mm), Black",164,225,₹,27,61,https://www.amazon.in/dp/B0BZ3WNQ5T?tag=discount0e8e-21&linkCode=osi&th=1&psc=1,https://m.media-amazon.com/images/I/41fAt-Id5xL._SL160_.jpg,OfficeProducts,,false
B08QDPB1SL,"Duracell Alkaline AA Battery, Pack of 10, Everyday Devices, Clock, Toy, Remote",160,220,₹,27,60,https://www.amazon.in/dp/B08QDPB1SL?tag=discount0e8e-21&linkCode=osi&th=1&psc=1,https://m.media-amazon.com/images/I/51VjgJREvFL._SL160_.jpg,Computers,,false
9390166268,The Psychology of Money,290,399,₹,27,109,https://www.amazon.in/dp/9390166268?tag=discount0e8e-21&linkCode=osi&th=1&psc=1,https://m.media-amazon.com/images/I/41mxvU9Tu6L._SL160_.jpg,Books,,false
B0821PN8L4,Amazon Brand - Presto! Garbage Bags | Medium | 180 Count | 30 Bags X 6 Rolls | 19 X 21 Inches | For Dry & Wet Waste | Black,335,458,₹,26,123,https://www.amazon.in/dp/B0821PN8L4?tag=discount0e8e-21&linkCode=osi&th=1&psc=1,https://m.media-amazon.com/images/I/41hP+bKRAzL._SL160_.jpg,Industrial,,false
B007CDK0K8,Cleopatra - 50th Anniversary Edition (2-Disc),1499,1999,₹,25,500,https://www.amazon.in/dp/B007CDK0K8?tag=discount0e8e-21&linkCode=osi&th=1&psc=1,https://m.media-amazon.com/images/I/51iiz+lW96L._SL160_.jpg,MoviesAndTV,,false
B0DZ2K8575,All Out Mosquito Kill Racquet | 2X Faster Charging* | Mosquito Bat | Racket to Kill Mosquitoes Instantly | 6 Months Warranty | Long Lasting Battery | Recommended by Indian Medical Association,524,699,₹,25,175,https://www.amazon.in/dp/B0DZ2K8575?tag=discount0e8e-21&linkCode=osi&th=1&psc=1,https://m.media-amazon.com/images/I/51e-HJOZtDL._SL160_.jpg,GardenAndOutdoor,,false
B0DD8JS3L8,Handcrafted Wooden Paint Brush Stand For Artist,299,400,₹,25,101,https://www.amazon.in/dp/B0DD8JS3L8?tag=discount0e8e-21&linkCode=osi&th=1&psc=1,https://m.media-amazon.com/images/I/31hctCM4oML._SL160_.jpg,Collectibles,,false
B0CHX1W1XY,Apple iPhone 15 (128 GB) - Black,51990,69900,₹,25,17910,https://www.amazon.in/dp/B0CHX1W1XY?tag=discount0e8e-21&linkCode=osi&th=1&psc=1,https://m.media-amazon.com/images/I/31KxpX7Xk7L._SL160_.jpg,Electronics,,false
B0CWYX5MBY,Khola Pata Clay Thali Set | Handcrafted Terracotta Dinnerware | Bengali Red Plate & Bowls | Eco-Friendly | 7 Pcs | 1 Dining Set,1499,1999,₹,25,500,https://www.amazon.in/dp/B0CWYX5MBY?tag=discount0e8e-21&linkCode=osi&th=1&psc=1,https://m.media-amazon.com/images/I/417afMVw6aL._SL160_.jpg,Collectibles,,false
8172345666,The Power of Your Subconscious Mind: Original Classic Edition | Premium Paperback,149,199,₹,25,50,https://www.amazon.in/dp/8172345666?tag=discount0e8e-21&linkCode=osi&th=1&psc=1,https://m.media-amazon.com/images/I/41f1KlSQqNL._SL160_.jpg,Books,,false
B01IEVIVAC,"Yonex Mavis 200i Nylon Shuttle Cock, Pack of 6 (Yellow)",499,665,₹,24,166,https://www.amazon.in/dp/B01IEVIVAC?tag=discount0e8e-21&linkCode=osi&th=1&psc=1,https://m.media-amazon.com/images/I/41m9a4d0ilL._SL160_.jpg,SportsAndOutdoors,,false
B0D1KL34JM,Microsoft Office 2021 Professional - Lifetime Validity - Windows only - Email delivery in 2 Hours- no CD - Email Bind Key,1898,2499,₹,24,601,https://www.amazon.in/dp/B0D1KL34JM?tag=discount0e8e-21&linkCode=osi&th=1&psc=1,https://m.media-amazon.com/images/I/31ydjpiYM+L._SL160_.jpg,Software,,false
B0BYLK9PZC,P.N.Gadgil Jewellers 1 gm Vedhani Gold coin 24 kt (995),13655,17999,₹,24,4344,https://www.amazon.in/dp/B0BYLK9PZC?tag=discount0e8e-21&linkCode=osi&th=1&psc=1,https://m.media-amazon.com/images/I/3162roNX0yL._SL160_.jpg,Jewelry,,false
B07895T7B1,"McAfee Antivirus 2024 | 1 Device, 3 Year | Antivirus Internet Security Software | Email Delivery",685,899,₹,23,214,https://www.amazon.in/dp/B07895T7B1?tag=discount0e8e-21&linkCode=osi&th=1&psc=1,https://m.media-amazon.com/images/I/41KkGmKZcLL._SL160_.jpg,Software,,false
8187474548,I Am Nujood Age 10 and Divorced,138,180,₹,23,42,https://www.amazon.in/dp/8187474548?tag=discount0e8e-21&linkCode=osi&th=1&psc=1,https://m.media-amazon.com/images/I/41sbJJRbfZL._SL160_.jpg,MoviesAndTV,,false
B08Y1TQ8K7,"Duracell CR2032 Lithium Coin Battery, Pack of 5, Specialty Devices, Child Resistant Packaging, Electronic car Keys, Scale",153,200,₹,23,47,https://www.amazon.in/dp/B08Y1TQ8K7?tag=discount0e8e-21&linkCode=osi&th=1&psc=1,https://m.media-amazon.com/images/I/41G+Bi6ZtuL._SL160_.jpg,Computers,,false
B07ZZD6XL1,Genteel Matic Liquid Detergent Refill Pouch for Top load Washing - 2kg | No Soda Formula | with Added Fabric Conditioner,249,320,₹,22,71,https://www.amazon.in/dp/B07ZZD6XL1?tag=discount0e8e-21&linkCode=osi&th=1&psc=1,https://m.media-amazon.com/images/I/419MSDhdGGL._SL160_.jpg,Industrial,,false
B0B6Y3FNV7,"L'Oreal Paris Fresh Hyaluron Moisture 72HR Moisture Sealing Conditioner Powered By Hyaluronic Acid, For Frizz-Free, Hydrated And Bouncy Hair Full Of Life For All Hair Types | 175 Millilitres",188,239,₹,21,51,https://www.amazon.in/dp/B0B6Y3FNV7?tag=discount0e8e-21&linkCode=osi&th=1&psc=1,https://m.media-amazon.com/images/I/31i9VQAxpvL._SL160_.jpg,Beauty,,false
B0CXDQWYQP,Godrej aer O – Hanging Car Air Freshener – Assorted Pack of 3 (22.5g) | Gel Lasts up to 30 days | Car Accessories,234,297,₹,21,63,https://www.amazon.in/dp/B0CXDQWYQP?tag=discount0e8e-21&linkCode=osi&th=1&psc=1,https://m.media-amazon.com/images/I/41MzRsOk3PL._SL160_.jpg,Automotive,,false
B07WQJLYQM,"HIT Crawling Insect Killer Cockroach Killer Spray | Instant Kill | Deep-Reach Nozzle | Fresh Fragrance, 700ml",270,340,₹,20,70,https://www.amazon.in/dp/B07WQJLYQM?tag=discount0e8e-21&linkCode=osi&th=1&psc=1,https://m.media-amazon.com/images/I/41VhFzfC45L._SL160_.jpg,GardenAndOutdoor,,false
B0DCNWN8NZ,Apple EarPods (USB-C) ​​​​​​​,1599,2000,₹,20,401,https://www.amazon.in/dp/B0DCNWN8NZ?tag=discount0e8e-21&linkCode=osi&th=1&psc=1,https://m.media-amazon.com/images/I/21irBFnTYoL._SL160_.jpg,Electronics,,false
B00LXTFMRS,"Fevicryl Acrylic Colours Sunflower Kit | 10 Colours x 15 ml | DIY Paint, Rich Pigment | Multicolour & Multi-surface | Non-Cracking Paint for Canvas, Wood, Leather, Earthenware, Metal",201,250,₹,19,49,https://www.amazon.in/dp/B00LXTFMRS?tag=discount0e8e-21&linkCode=osi&th=1&psc=1,https://m.media-amazon.com/images/I/41F2ZOpEHvL._SL160_.jpg,OfficeProducts,,false
B01LNA2MQK,Dettol Liquid Handwash Refill - Original Hand Wash- 1350ml | Germ Defence Formula | 10x Better Germ Protection,176,219,₹,19,43,https://www.amazon.in/dp/B01LNA2MQK?tag=discount0e8e-21&linkCode=osi&th=1&psc=1,https://m.media-amazon.com/images/I/41UIlXu+B+L._SL160_.jpg,Industrial,,false
B00IZ932WG,Sparx mens SF0014G Navygrey Flip-flop - 8 UK (SF0014GNVGY0008),285,349,₹,18,64,https://www.amazon.in/dp/B00IZ932WG?tag=discount0e8e-21&linkCode=osi&th=1&psc=1,https://m.media-amazon.com/images/I/31NuHoH6lpL._SL160_.jpg,Shoes,,false
B0CQN2BHW8,"Amazon Fire TV Stick HD (newest model), Alexa Voice Remote with TV power & volume controls, full HD streaming device",4499,5499,₹,18,1000,https://www.amazon.in/dp/B0CQN2BHW8?tag=discount0e8e-21&linkCode=osi&th=1&psc=1,https://m.media-amazon.com/images/I/31jBqiTUjiL._SL160_.jpg,GiftCards,,false
8183286011,Dopamine Detox: A Short Guide to Remove Distractions and Get Your Brain to Do Hard Things,199,245,₹,18,46,https://www.amazon.in/dp/8183286011?tag=discount0e8e-21&linkCode=osi&th=1&psc=1,https://m.media-amazon.com/images/I/41CV+aTeWWL._SL160_.jpg,Books,,false
B0D14BB5XY,"PHILIPS Air Fryer NA120/00, uses up to 90% less fat, 1500W, 4.2 Liter, with Rapid Air Technology (Black), Large",4899,5995,₹,18,1096,https://www.amazon.in/dp/B0D14BB5XY?tag=discount0e8e-21&linkCode=osi&th=1&psc=1,https://m.media-amazon.com/images/I/31yUzU5r4oL._SL160_.jpg,Appliances,,false
B00PBX3L7K,Cosrx Advanced Snail 96 Mucin Power Essence (100ml),1199,1450,₹,17,251,https://www.amazon.in/dp/B00PBX3L7K?tag=discount0e8e-21&linkCode=osi&th=1&psc=1,https://m.media-amazon.com/images/I/310Qckf2ZtL._SL160_.jpg,LuxuryBeauty,,false
B01G0U6CO6,Fortune Dishwasher Active Salt Powder- 1 kg (Pack of 2),200,240,₹,16,40,https://www.amazon.in/dp/B01G0U6CO6?tag=discount0e8e-21&linkCode=osi&th=1&psc=1,https://m.media-amazon.com/images/I/41g2rJ4ddSL._SL160_.jpg,ToysAndGames,,false
B016VXORNA,"Scotch-Brite Sponge Wipe Resusable Kitchen Cleaning foam Cellulose wood Sponge- Easy to use, Multi- color & Biodegradable (pack of 5)",298,355,₹,16,57,https://www.amazon.in/dp/B016VXORNA?tag=discount0e8e-21&linkCode=osi&th=1&psc=1,https://m.media-amazon.com/images/I/51rTzjC7fYL._SL160_.jpg,ToolsAndHomeImprovement,,false
B084GNRLPW,"Pedigree Adult Wet Dog Food, Chicken & Liver Chunks in Gravy, 70 g (Pack of 30), Complete & Balanced Meal for Adult Dogs",1253,1500,₹,16,247,https://www.amazon.in/dp/B084GNRLPW?tag=discount0e8e-21&linkCode=osi&th=1&psc=1,https://m.media-amazon.com/images/I/41yLjmtyStL._SL160_.jpg,PetSupplies,,false
B01LZSWXWI,"Roff Cera Clean All Purpose Tile, Floor & Wall Cleaner 1 liter Pack of 1, Advance, Bedroom & Bathroom Floors, Removes Grease, Dirt & Tough Stains",187,225,₹,16,38,https://www.amazon.in/dp/B01LZSWXWI?tag=discount0e8e-21&linkCode=osi&th=1&psc=1,https://m.media-amazon.com/images/I/41AogZgxQhL._SL160_.jpg,Industrial,,false
B07FCHCQCW,"WD-40 Multipurpose Spray, Rust Remover, Cleans Bike Chains, Hinge Lubricant, Loosens Jammed Parts, Degreaser, and Cleaning Agent, 420ml (344.4g)",350,420,₹,16,70,https://www.amazon.in/dp/B07FCHCQCW?tag=discount0e8e-21&linkCode=osi&th=1&psc=1,https://m.media-amazon.com/images/I/41I6wmG-lYL._SL160_.jpg,Automotive,,false
B0BMGMP4N5,"Purepet Adult Dry Cat Food Mackerel Flavour, 1 kg Pack",169,199,₹,15,30,https://www.amazon.in/dp/B0BMGMP4N5?tag=discount0e8e-21&linkCode=osi&th=1&psc=1,https://m.media-amazon.com/images/I/41+q2+lL3GL._SL160_.jpg,PetSupplies,,false
B00LHULLKA,"Whiskas Junior Mother Cat & Kitten (2-12 Months) Dry Cat Food, Ocean Fish Flavour, 1.1 kg, Contains 41 Essential Nutrients, Complete & Balanced Nutrition for Mother Cats & Kittens",361,425,₹,15,64,https://www.amazon.in/dp/B00LHULLKA?tag=discount0e8e-21&linkCode=osi&th=1&psc=1,https://m.media-amazon.com/images/I/41EHzWntedL._SL160_.jpg,PetSupplies,,false
B07JQJFCS2,"Drools Absolute Dog Supplement Treat Calcium Bone Jar - 40 Pieces (600G Pack), For All Life Stages",387,460,₹,15,73,https://www.amazon.in/dp/B07JQJFCS2?tag=discount0e8e-21&linkCode=osi&th=1&psc=1,https://m.media-amazon.com/images/I/41EAv2BbnZS._SL160_.jpg,PetSupplies,,false
B00MVV81MK,"JK Copier Paper - A4, 75 GSM, 1 Ream, 500 Sheets",325,385,₹,15,60,https://www.amazon.in/dp/B00MVV81MK?tag=discount0e8e-21&linkCode=osi&th=1&psc=1,https://m.media-amazon.com/images/I/41Utcj-cw1L._SL160_.jpg,OfficeProducts,,false
B07MW4ZRJL,"L'Oréal Professionnel Xtenso Care Sulfate-free* Shampoo | For all hair types | Gently cleanses, controls frizz and adds shine | With Keratin Repair and Asta-Care *without sulfate surfactants",998,1175,₹,15,177,https://www.amazon.in/dp/B07MW4ZRJL?tag=discount0e8e-21&linkCode=osi&th=1&psc=1,https://m.media-amazon.com/images/I/310D+413VtL._SL160_.jpg,LuxuryBeauty,,false
B08KSPYJX2,"24K (999.9+) Purest 1 Gram Gold Bar, Lotus 1 gm Coin",13681,16100,₹,15,2419,https://www.amazon.in/dp/B08KSPYJX2?tag=discount0e8e-21&linkCode=osi&th=1&psc=1,https://m.media-amazon.com/images/I/41UmMCzctqL._SL160_.jpg,Jewelry,,false
B07VKM2HR5,"NIVEA Nourishing Body Milk 600ml Body Lotion with Hyaluronic Acid | 72Hr Hydration | Deep Moisture Care for Very Dry Skin | Enriched with Almond Oil | Smooth, Radiant & Healthy Looking Skin Care",380,448,₹,15,68,https://www.amazon.in/dp/B07VKM2HR5?tag=discount0e8e-21&linkCode=osi&th=1&psc=1,https://m.media-amazon.com/images/I/31g-kdcdSeL._SL160_.jpg,HealthPersonalCare,,false
B06VX8YR6Q,Ezee Black Garbage Bags for Dustbin | 90 Pcs | Medium 19 X 21 Inches | 30 Pcs x Pack of 3,169,199,₹,15,30,https://www.amazon.in/dp/B06VX8YR6Q?tag=discount0e8e-21&linkCode=osi&th=1&psc=1,https://m.media-amazon.com/images/I/41bJ6kzaXSL._SL160_.jpg,HomeAndKitchen,,false
B091Q7JNTC,Titan Minimals Quartz Analog with Date Black Dial Black Metal Strap Watch for Men - NT1806NM01,3396,3995,₹,14,599,https://www.amazon.in/dp/B091Q7JNTC?tag=discount0e8e-21&linkCode=osi&th=1&psc=1,https://m.media-amazon.com/images/I/41l3o8U2CfL._SL160_.jpg,Watches,,false
B06Y3WVH2X,L'Oréal Professionnel Serie Expert Absolut Repair Shampoo| For dry and damaged hair| Provides softness and shine | With Wheat Oil (90ml),675,790,₹,14,115,https://www.amazon.in/dp/B06Y3WVH2X?tag=discount0e8e-21&linkCode=osi&th=1&psc=1,https://m.media-amazon.com/images/I/31pMRYDwbwL._SL160_.jpg,LuxuryBeauty,,false
B01HVB3PSY,Bangalore Refinery 24k (999.9) 1 gm Yellow Gold Bar,13893,16200,₹,14,2307,https://www.amazon.in/dp/B01HVB3PSY?tag=discount0e8e-21&linkCode=osi&th=1&psc=1,https://m.media-amazon.com/images/I/41TZeb8tiTL._SL160_.jpg,Jewelry,,false
B08GZ6QNTC,Sony DualSense Wireless Controller White (PlayStation 5),5504,6390,₹,13,886,https://www.amazon.in/dp/B08GZ6QNTC?tag=discount0e8e-21&linkCode=osi&th=1&psc=1,https://m.media-amazon.com/images/I/31nh0udpAKL._SL160_.jpg,VideoGames,,false
B0CGJ2WTJR,"All Out Ultra Liquid Vaporizer, 4 Refills (45ml) | Kills Dengue, Malaria & Chikungunya Spreading Mosquitoes | India's Only Mosquito Killer Brand Recommended by Indian Medical Association",270,310,₹,12,40,https://www.amazon.in/dp/B0CGJ2WTJR?tag=discount0e8e-21&linkCode=osi&th=1&psc=1,https://m.media-amazon.com/images/I/41oQ0jDRWxL._SL160_.jpg,GardenAndOutdoor,,false
B01ESPB2WM,Motul Combo of C2 Chain Lube (150 ml) and C1 Chain Clean for All Bikes (150 ml) (LBCH001),420,480,₹,12,60,https://www.amazon.in/dp/B01ESPB2WM?tag=discount0e8e-21&linkCode=osi&th=1&psc=1,https://m.media-amazon.com/images/I/51H7z5BGMaL._SL160_.jpg,Automotive,,false
B0CTMP8FC3,MARS Edge of Desire Lip Liner | One Swipe Smooth Application | Long Lasting Lip Pencil (1.4gm) (14-CHOCO BUTTER),61,69,₹,11.59,8,https://www.amazon.in/dp/B0CTMP8FC3?tag=discount0e8e-21&linkCode=osi&th=1&psc=1,https://m.media-amazon.com/images/I/310Y7Pcl7TL._SL160_.jpg,Fashion,,false
B00XTSR652,Khushi's Pizza Magic Seasoning 50g – 100% Natural Pizza & Pasta Spice Mix | No Preservatives | Enhances Italian Flavors.,70,79,₹,11,9,https://www.amazon.in/dp/B00XTSR652?tag=discount0e8e-21&linkCode=osi&th=1&psc=1,https://m.media-amazon.com/images/I/618lom4xUJL._SL160_.jpg,Music,,false
B01CCGW4OE,"Cetaphil Paraben, Sulphate-Free Gentle Skin Hydrating Face Wash Cleanser with Niacinamide, Vitamin B5 for Dry to Normal, Sensitive Skin - 125 ml",378,429,₹,11,51,https://www.amazon.in/dp/B01CCGW4OE?tag=discount0e8e-21&linkCode=osi&th=1&psc=1,https://m.media-amazon.com/images/I/31K5tBuI3ZL._SL160_.jpg,HealthPersonalCare,,false
B07HBMB3WW,"Drools Adult Dry Dog Food Chicken and Egg, 3kg with Free 1.2kg, Total 4.2 kg Pack",763,849,₹,10,86,https://www.amazon.in/dp/B07HBMB3WW?tag=discount0e8e-21&linkCode=osi&th=1&psc=1,https://m.media-amazon.com/images/I/41nXO0RsQdL._SL160_.jpg,PetSupplies,,false
B0744GC2CK,"L'Oréal Professionnel Absolut Repair Shampoo for Dry & Damaged Hair - 300ml | Professional shampoo for Strengthening and Repairing Hair, With Protein & Omega-9, For Men & Women",670,750,₹,10,80,https://www.amazon.in/dp/B0744GC2CK?tag=discount0e8e-21&linkCode=osi&th=1&psc=1,https://m.media-amazon.com/images/I/316mNphZuPL._SL160_.jpg,LuxuryBeauty,,false
B078HC9V8B,"Exo Dishwash Bar, 480gm (120gm X (3 + 1 Bar Free) | Goodness Of Ginger | Remove Tough Grime, Kills Bacteria & Sanitizes The Utensils",27,30,₹,10,3,https://www.amazon.in/dp/B078HC9V8B?tag=discount0e8e-21&linkCode=osi&th=1&psc=1,https://m.media-amazon.com/images/I/41Ni-rXQ+1L._SL160_.jpg,HomeAndKitchen,,false
B0757631XR,"Fortune Premium Kachi Ghani Pure Mustard Oil, 910G PET Bottle (Weight May Vary)",285,320,₹,10,35,https://www.amazon.in/dp/B0757631XR?tag=discount0e8e-21&linkCode=osi&th=1&psc=1,https://m.media-amazon.com/images/I/419b2v55pWL._SL160_.jpg,HealthPersonalCare,,false
0241252083,"White Nights – Fyodor Dostoyevsky | A Million-Copy Bestseller | A Timeless Story of Love, Longing & Solitude – Penguin Classics",112,125,₹,10,13,https://www.amazon.in/dp/0241252083?tag=discount0e8e-21&linkCode=osi&th=1&psc=1,https://m.media-amazon.com/images/I/21tZxguVHuL._SL160_.jpg,Books,,false
B0C86RTS5X,Good Knight Flash Liquid Vaporiser | Pack Of 4 (45ml Each) | Lavender Fragrance | 2x Faster Than Before | Mosquito Repellent Refill | India s Most Powerful Liquid Vaporizer,281,310,₹,9,29,https://www.amazon.in/dp/B0C86RTS5X?tag=discount0e8e-21&linkCode=osi&th=1&psc=1,https://m.media-amazon.com/images/I/41Ivz3iQ3-L._SL160_.jpg,GardenAndOutdoor,,false
B09RWTYMCF,"ShineXPro Microfiber Car Cleaning Cloth - OG Soft 500 GSM Extra Large (35x75 CM) Microfiber Cloth for Car and Bike - Suede Edging for Scratchless Drying and Detailing (Pack of 2, Grey)",499,549,₹,9,50,https://www.amazon.in/dp/B09RWTYMCF?tag=discount0e8e-21&linkCode=osi&th=1&psc=1,https://m.media-amazon.com/images/I/51cqkNHSdXL._SL160_.jpg,Automotive,,false
B00RJQ8XHU,Jopasu Car Duster,785,869,₹,9,84,https://www.amazon.in/dp/B00RJQ8XHU?tag=discount0e8e-21&linkCode=osi&th=1&psc=1,https://m.media-amazon.com/images/I/41-aBYgAYtL._SL160_.jpg,Automotive,,false
B0BQJMKZCR,L'Oréal Professionnel Serie Expert Density Advanced Shampoo – 300 ml | For fine and thinning Hair | Adds bounce and volume | With Omega-6 complex,679,745,₹,8,66,https://www.amazon.in/dp/B0BQJMKZCR?tag=discount0e8e-21&linkCode=osi&th=1&psc=1,https://m.media-amazon.com/images/I/31hAkIDUT0L._SL160_.jpg,LuxuryBeauty,,false
B0CNLTF152,"Duracell LED Torch Light, Super Bright, 12000 LUX, Ultra-Light and Easy to Carry Design, Large Reflector, for Everyday Use, 3AA Batteries Free, Black",179,195,₹,8,16,https://www.amazon.in/dp/B0CNLTF152?tag=discount0e8e-21&linkCode=osi&th=1&psc=1,https://m.media-amazon.com/images/I/41HEJivIZzL._SL160_.jpg,Luggage,,false
B0BYKSXHYK,PNG Jewellers 2 gm Vedhani Gold coin 24 kt (995),26974,29405,₹,8,2431,https://www.amazon.in/dp/B0BYKSXHYK?tag=discount0e8e-21&linkCode=osi&th=1&psc=1,https://m.media-amazon.com/images/I/3162roNX0yL._SL160_.jpg,Jewelry,,false
B00VFMFXRC,All Out Ultra Mosquito Repellant Refill Faster Action (45 mL each) Pack of 6,399,438,₹,8,39,https://www.amazon.in/dp/B00VFMFXRC?tag=discount0e8e-21&linkCode=osi&th=1&psc=1,https://m.media-amazon.com/images/I/51X9JVMp6HL._SL160_.jpg,GardenAndOutdoor,,false
B0BRP4LVN2,Casio Enticer Men Analog Green Dial Men MTP-1302PD-3AVEF (A2262),3681,3995,₹,7,314,https://www.amazon.in/dp/B0BRP4LVN2?tag=discount0e8e-21&linkCode=osi&th=1&psc=1,https://m.media-amazon.com/images/I/41+ES4+cPBL._SL160_.jpg,Watches,,false
B0DKFX8THB,Black Myth: Wukong for Playstation 5,6489,6999,₹,7,510,https://www.amazon.in/dp/B0DKFX8THB?tag=discount0e8e-21&linkCode=osi&th=1&psc=1,https://m.media-amazon.com/images/I/51YzZ+l72JL._SL160_.jpg,MoviesAndTV,,false
B07S2XJVLD,Cello Whitemate Whiteboard BoldMarkers | Set of 6 | Assorted Ink Colours | Whiteboard Marker with Easily Erasable Ink | Refillable Whiteboard Markers Markers,140,150,₹,6,10,https://www.amazon.in/dp/B07S2XJVLD?tag=discount0e8e-21&linkCode=osi&th=1&psc=1,https://m.media-amazon.com/images/I/41m8K4Ef2LL._SL160_.jpg,OfficeProducts,,false
B0BYLK9PZT,PNG Jewellers 10 gm Vedhani Gold coin 24 kt (995),134857,144700,₹,6,9843,https://www.amazon.in/dp/B0BYLK9PZT?tag=discount0e8e-21&linkCode=osi&th=1&psc=1,https://m.media-amazon.com/images/I/3162roNX0yL._SL160_.jpg,Jewelry,,false
B0BMGP89P1,"Purepet Ocean Fish Adult Dry Cat Food, 1 kg",189,199,₹,5,10,https://www.amazon.in/dp/B0BMGP89P1?tag=discount0e8e-21&linkCode=osi&th=1&psc=1,https://m.media-amazon.com/images/I/415ncxK9zpL._SL160_.jpg,PetSupplies,,false
B07WH38Z6Z,"Hit Flying Insect Killer - Mosquito & Fly Killer Spray (700Ml) | Instant Kill | Protection From Dengue & Malaria, Pack Of 1",285,300,₹,5,15,https://www.amazon.in/dp/B07WH38Z6Z?tag=discount0e8e-21&linkCode=osi&th=1&psc=1,https://m.media-amazon.com/images/I/31nuozuBoBL._SL160_.jpg,GardenAndOutdoor,,false
B00ISNVQMW,Titan Karishma Analog Black Dial Men's Watch NM1639SM02/NN1639SM02,1906,1995,₹,4,89,https://www.amazon.in/dp/B00ISNVQMW?tag=discount0e8e-21&linkCode=osi&th=1&psc=1,https://m.media-amazon.com/images/I/31sFbhco+PL._SL160_.jpg,Watches,,false
B00LHS8I3A,"Pedigree Adult Dry Dog Food, Chicken & Vegetables, 3 kg, Contains 37 Essential Nutrients, 100% Complete & Balanced Food for Adult Dogs",694,730,₹,4,36,https://www.amazon.in/dp/B00LHS8I3A?tag=discount0e8e-21&linkCode=osi&th=1&psc=1,https://m.media-amazon.com/images/I/41hmg1Ku4EL._SL160_.jpg,PetSupplies,,false
B01HO9EC94,Biolage Smoothproof Deep Smoothing 6-In-1 Professional Hair Serum For Women & Men For Frizzy Hair,312,325,₹,4,13,https://www.amazon.in/dp/B01HO9EC94?tag=discount0e8e-21&linkCode=osi&th=1&psc=1,https://m.media-amazon.com/images/I/31aCpIcMrnL._SL160_.jpg,LuxuryBeauty,,false
B0BZ3Z5D56,Scotch Brite Scrub Sponge -Pack of 3 for everyday utensil cleaning (Kitchen Scrubber with Sponge),54,55,₹,1,1,https://www.amazon.in/dp/B0BZ3Z5D56?tag=discount0e8e-21&linkCode=osi&th=1&psc=1,https://m.media-amazon.com/images/I/51xADb-cPCL._SL160_.jpg,OfficeProducts,,false
B0BLVCFK8D,Casio FX-991CW Classwiz Non-Programmable Scientific Calculator,1564,1595,₹,1,31,https://www.amazon.in/dp/B0BLVCFK8D?tag=discount0e8e-21&linkCode=osi&th=1&psc=1,https://m.media-amazon.com/images/I/41mVTwoikiL._SL160_.jpg,OfficeProducts,,false
B07B4KQRZG,"MAGGI 2-Minute Instant Noodles, Masala Noodles With Goodness Of Iron, Made With Choicest Quality Spices, Favourite Masala Taste, 840/900g Pouch (Pack of 12, 70/75g each) (weight may vary)",165,168,₹,1,3,https://www.amazon.in/dp/B07B4KQRZG?tag=discount0e8e-21&linkCode=osi&th=1&psc=1,https://m.media-amazon.com/images/I/51S09OoiaxL._SL160_.jpg,HealthPersonalCare,,false
B00HFPIIOI,Casio Youth Series Digital Black Dial Unisex Watch - F-91W-1Q(D002),1295,1295,₹,0,0,https://www.amazon.in/dp/B00HFPIIOI?tag=discount0e8e-21&linkCode=osi&th=1&psc=1,https://m.media-amazon.com/images/I/41Nhuk9uzwL._SL160_.jpg,Watches,,false
B07K6RYVHR,Rs.1000 Sony PlayStation Store Gift Card (Email Delivery in 1 hour- Digital Voucher Code),1000,1000,₹,0,0,https://www.amazon.in/dp/B07K6RYVHR?tag=discount0e8e-21&linkCode=osi&th=1&psc=1,https://m.media-amazon.com/images/I/31OBA8Dh71L._SL160_.jpg,VideoGames,,false
B0C1H473H8,Playstation | E-Gift Card | Instant Delivery | Valid for in-game purchases,1000,1000,₹,0,0,https://www.amazon.in/dp/B0C1H473H8?tag=discount0e8e-21&linkCode=osi&th=1&psc=1,https://m.media-amazon.com/images/I/41xSlLlDM0L._SL160_.jpg,VideoGames,,false
B07CR1JQBY,Titan Karishma Analog Champagne Dial Women's Watch -NM2598YM01 / NL2598YM01,1995,1995,₹,0,0,https://www.amazon.in/dp/B07CR1JQBY?tag=discount0e8e-21&linkCode=osi&th=1&psc=1,https://m.media-amazon.com/images/I/317ulYCaYsL._SL160_.jpg,Watches,,false
B079T88XLM,"Meat Up Dog Treats Biscuits Real Chicken Flavour, 1+1kg (Buy 1 Get 1 Free), Total 2 kg Pack",398,398,₹,0,0,https://www.amazon.in/dp/B079T88XLM?tag=discount0e8e-21&linkCode=osi&th=1&psc=1,https://m.media-amazon.com/images/I/51s+T+8Rb6L._SL160_.jpg,PetSupplies,,false
B0CQJTM6TW,"RENEE Midnight Kohl Kajal Pencil | Waterproof, Smudgeproof With Sharpener | 24 Hours Long Stay | Darkest Black | One Swipe Application | Vitamin E, Olive Oil and Castor Oil | Matte Finish |1.5 Gm",389,389,₹,0,0,https://www.amazon.in/dp/B0CQJTM6TW?tag=discount0e8e-21&linkCode=osi&th=1&psc=1,https://m.media-amazon.com/images/I/31Zm5pIfIpL._SL160_.jpg,PetSupplies,,false
B00MVV9NUY,"JK Easy Copier Paper | A4 Size | 70 GSM | 500 Sheets | White Paper, 1 Ream | For Laserjet & Inkjet Printer | Fast Drying | Both Side Print | Eco Friendly | ColorLok (Pack of 1) | One Ream",354,354,₹,0,0,https://www.amazon.in/dp/B00MVV9NUY?tag=discount0e8e-21&linkCode=osi&th=1&psc=1,https://m.media-amazon.com/images/I/41LcujaPSvL._SL160_.jpg,OfficeProducts,,false
B0FKC1YLLF,Saregama Vinyl Record - Gulzar's Fursat Ke Raat Din,3590,3590,₹,0,0,https://www.amazon.in/dp/B0FKC1YLLF?tag=discount0e8e-21&linkCode=osi&th=1&psc=1,https://m.media-amazon.com/images/I/41erVZoYdlL._SL160_.jpg,Music,,false
B0FG3CCJ3Z,"Saregama Vinyl Record - Close To My Heart - Jagjit Singh, 11 Evergreen Hindi Superhit Songs",3590,3590,₹,0,0,https://www.amazon.in/dp/B0FG3CCJ3Z?tag=discount0e8e-21&linkCode=osi&th=1&psc=1,https://m.media-amazon.com/images/I/41agNxTHn8L._SL160_.jpg,Music,,false
B076X8FKXP,Fawesome - Free Awesome TV & Movies,0,0,₹,0,0,https://www.amazon.in/dp/B076X8FKXP?tag=discount0e8e-21&linkCode=osi&th=1&psc=1,https://m.media-amazon.com/images/I/81VLg+9NcRL._SL160_.png,MobileApps,,false
B0FG3F2KN4,"Saregama Vinyl Record - Romance - RD Burman, 10 Evergreen Hindi Superhit Songs",3590,3590,₹,0,0,https://www.amazon.in/dp/B0FG3F2KN4?tag=discount0e8e-21&linkCode=osi&th=1&psc=1,https://m.media-amazon.com/images/I/41qL3ZbDiuL._SL160_.jpg,Music,,false
B09YRTDSG4,DIL SE - COLOURED LP [Vinyl] A R RAHMAN,2499,2499,₹,0,0,https://www.amazon.in/dp/B09YRTDSG4?tag=discount0e8e-21&linkCode=osi&th=1&psc=1,https://m.media-amazon.com/images/I/41ijbRF43qL._SL160_.jpg,Music,,false
B07X6GNBNT,Credit Card Bill,10,10,₹,0,0,https://www.amazon.in/dp/B07X6GNBNT?tag=discount0e8e-21&linkCode=osi&th=1&psc=1,https://m.media-amazon.com/images/I/21Z-i0dyzKL._SL160_.jpg,Luggage,,false
B0B2DFQWXJ,"Dil Se – SVR 003 - New Release Hindi LP Vinyl Record, A. R. Rahman, Sukhwinder Singh",2499,2499,₹,0,0,https://www.amazon.in/dp/B0B2DFQWXJ?tag=discount0e8e-21&linkCode=osi&th=1&psc=1,https://m.media-amazon.com/images/I/41ijbRF43qL._SL160_.jpg,Music,,false
B087G5BN7Z,"discovery+ | TV Shows, Shorts, Fun Learning",0,0,₹,0,0,https://www.amazon.in/dp/B087G5BN7Z?tag=discount0e8e-21&linkCode=osi&th=1&psc=1,https://m.media-amazon.com/images/I/71UCyJsuqfL._SL160_.png,MobileApps,,false
B0FN4CVB6X,ARADHANA S. D. BURMAN LP Vinyl Record,3590,3590,₹,0,0,https://www.amazon.in/dp/B0FN4CVB6X?tag=discount0e8e-21&linkCode=osi&th=1&psc=1,https://m.media-amazon.com/images/I/51gl2B1NlvL._SL160_.jpg,Music,,false
B0FM3DXSHB,PAYANANGAL MUDIVATHILLAI - LP,2499,2499,₹,0,0,https://www.amazon.in/dp/B0FM3DXSHB?tag=discount0e8e-21&linkCode=osi&th=1&psc=1,https://m.media-amazon.com/images/I/41bTozxZWyL._SL160_.jpg,Music,,false
B0F2SP6N5L,VINNATHAANDI VARUVAAYAA - BLACK LP (TAMIL),2499,2499,₹,0,0,https://www.amazon.in/dp/B0F2SP6N5L?tag=discount0e8e-21&linkCode=osi&th=1&psc=1,https://m.media-amazon.com/images/I/51ltVX7bdAL._SL160_.jpg,Music,,false
B0FKBX7C32,Saregama Vinyl Record - Love Duets - Lata Mangeshkar & Kishore Kumar,3590,3590,₹,0,0,https://www.amazon.in/dp/B0FKBX7C32?tag=discount0e8e-21&linkCode=osi&th=1&psc=1,https://m.media-amazon.com/images/I/41ZHgH5KGVL._SL160_.jpg,Music,,false
B0077BGWNY,Matrubhoomi - A Nation Without Women,398,398,₹,0,0,https://www.amazon.in/dp/B0077BGWNY?tag=discount0e8e-21&linkCode=osi&th=1&psc=1,https://m.media-amazon.com/images/I/514+r7NX+LL._SL160_.jpg,MoviesAndTV,,false
B01M2A9W3X,Skiptrace,199,199,₹,0,0,https://www.amazon.in/dp/B01M2A9W3X?tag=discount0e8e-21&linkCode=osi&th=1&psc=1,https://m.media-amazon.com/images/I/51NSD5NIpiL._SL160_.jpg,MoviesAndTV,,false
B07KX363ZT,Aaj Tak - Smart TV App,0,0,₹,0,0,https://www.amazon.in/dp/B07KX363ZT?tag=discount0e8e-21&linkCode=osi&th=1&psc=1,https://m.media-amazon.com/images/I/71b-fSdQC0L._SL160_.png,MobileApps,,false
B08CKPSHLL,Xstream Play,0,0,₹,0,0,https://www.amazon.in/dp/B08CKPSHLL?tag=discount0e8e-21&linkCode=osi&th=1&psc=1,https://m.media-amazon.com/images/I/71JqJwLEvUL._SL160_.png,MobileApps,,false
B06XP3HSPW,Sony LIV,0,0,₹,0,0,https://www.amazon.in/dp/B06XP3HSPW?tag=discount0e8e-21&linkCode=osi&th=1&psc=1,https://m.media-amazon.com/images/I/61JxXK7hNDL._SL160_.png,MobileApps,,false
B0815VFZRL,Minecraft Starter Collection for PlayStation 4,2490,2490,₹,0,0,https://www.amazon.in/dp/B0815VFZRL?tag=discount0e8e-21&linkCode=osi&th=1&psc=1,https://m.media-amazon.com/images/I/51MRXe83e0L._SL160_.jpg,MoviesAndTV,,false
B0B51HLYW6,"OTTplay: Movies, Shows on OTT",0,0,₹,0,0,https://www.amazon.in/dp/B0B51HLYW6?tag=discount0e8e-21&linkCode=osi&th=1&psc=1,https://m.media-amazon.com/images/I/71uNs7HshxL._SL160_.png,MobileApps,,false
B07T1LWHYG,MX Player TV,0,0,₹,0,0,https://www.amazon.in/dp/B07T1LWHYG?tag=discount0e8e-21&linkCode=osi&th=1&psc=1,https://m.media-amazon.com/images/I/515+F2vlqtL._SL160_.png,MobileApps,,false
B071KD377K,JioCinema- Bigg Boss & Cricket,0,0,₹,0,0,https://www.amazon.in/dp/B071KD377K?tag=discount0e8e-21&linkCode=osi&th=1&psc=1,https://m.media-amazon.com/images/I/31LNEBVsjUL._SL160_.png,MobileApps,,false
B079PZHHBS,ZEE5 Movies Shows LIVE TV Originals,0,0,₹,0,0,https://www.amazon.in/dp/B079PZHHBS?tag=discount0e8e-21&linkCode=osi&th=1&psc=1,https://m.media-amazon.com/images/I/81d2i1ujZbL._SL160_.png,MobileApps,,false
B06Y18MPK7,JioHotstar,0,0,₹,0,0,https://www.amazon.in/dp/B06Y18MPK7?tag=discount0e8e-21&linkCode=osi&th=1&psc=1,https://m.media-amazon.com/images/I/51DCCI7HwbL._SL160_.png,MobileApps,,false
B07NVN576J,"Matrix Mega Smooth Professional Shampoo with Shea Butter & Amino Acids, for Frizzy Hair | Max Smoothness for 4 Days | | Used by 1 Lakh Hairstylists*| For All Hair Types | Paraben Free, 200ml",385,385,₹,0,0,https://www.amazon.in/dp/B07NVN576J?tag=discount0e8e-21&linkCode=osi&th=1&psc=1,https://m.media-amazon.com/images/I/31uOwE0rTZL._SL160_.jpg,LuxuryBeauty,,false
B00JJHFF6O,"L'Oréal Professionnel Xtenso Care Shampoo|For straightened hair |Smoothens, nourishes and strengthens hair| With Pro-Keratin and Incell",610,610,₹,0,0,https://www.amazon.in/dp/B00JJHFF6O?tag=discount0e8e-21&linkCode=osi&th=1&psc=1,https://m.media-amazon.com/images/I/314tsxMTw-L._SL160_.jpg,LuxuryBeauty,,false
B015RI7RN2,50 Greatest Short Stories,226,226,₹,0,0,https://www.amazon.in/dp/B015RI7RN2?tag=discount0e8e-21&linkCode=osi&th=1&psc=1,https://m.media-amazon.com/images/I/41C21JwzNCL._SL160_.jpg,KindleStore,,false
B0BWF9ZQMN,Amazon Pay Later Bill,100,100,₹,0,0,https://www.amazon.in/dp/B0BWF9ZQMN?tag=discount0e8e-21&linkCode=osi&th=1&psc=1,https://m.media-amazon.com/images/I/41BvhQ1SVfL._SL160_.jpg,Jewelry,,false
B07QP9PTZP,LPG cylinder booking,1,1,₹,0,0,https://www.amazon.in/dp/B07QP9PTZP?tag=discount0e8e-21&linkCode=osi&th=1&psc=1,https://m.media-amazon.com/images/I/21dMRfqs5tL._SL160_.jpg,HomeAndKitchen,,false
B00YUNKKP8,"Hit Anti Roach Gel - Cockroach Killer (20G) | Kitchen Safe | Odourless | Fast And Convenient, Pack Of 1",199,199,₹,0,0,https://www.amazon.in/dp/B00YUNKKP8?tag=discount0e8e-21&linkCode=osi&th=1&psc=1,https://m.media-amazon.com/images/I/41L87Dyn9dL._SL160_.jpg,HomeAndKitchen,,false
B019PIOJYU,Harry Potter and the Philosopher's Stone,313,313,₹,0,0,https://www.amazon.in/dp/B019PIOJYU?tag=discount0e8e-21&linkCode=osi&th=1&psc=1,https://m.media-amazon.com/images/I/5165He67NEL._SL160_.jpg,KindleStore,,false
B0D5JLH3RJ,The Answer Is No: A Short Story,69,69,₹,0,0,https://www.amazon.in/dp/B0D5JLH3RJ?tag=discount0e8e-21&linkCode=osi&th=1&psc=1,https://m.media-amazon.com/images/I/51KMig2mgQL._SL160_.jpg,KindleStore,,false
B098MHBF23,Dopamine Detox : A Short Guide to Remove Distractions and Get Your Brain to Do Hard Things (Productivity Series Book 1),99,99,₹,0,0,https://www.amazon.in/dp/B098MHBF23?tag=discount0e8e-21&linkCode=osi&th=1&psc=1,https://m.media-amazon.com/images/I/413tVFk--xS._SL160_.jpg,KindleStore,,false
B0FV8MLLKK,என் கண்ணாடி பூவே: En Kannadi Poove (Tamil Edition),390,390,₹,0,0,https://www.amazon.in/dp/B0FV8MLLKK?tag=discount0e8e-21&linkCode=osi&th=1&psc=1,https://m.media-amazon.com/images/I/41B2LTHYUoL._SL160_.jpg,KindleStore,,false
B0FHPZY11S,The Unwanted Husband: A Marriage of Convenience Romance,299,299,₹,0,0,https://www.amazon.in/dp/B0FHPZY11S?tag=discount0e8e-21&linkCode=osi&th=1&psc=1,https://m.media-amazon.com/images/I/51JOhLtuvLL._SL160_.jpg,KindleStore,,false
B06X1C5Y5H,Autobiography of a Yogi,51,51,₹,0,0,https://www.amazon.in/dp/B06X1C5Y5H?tag=discount0e8e-21&linkCode=osi&th=1&psc=1,https://m.media-amazon.com/images/I/51t3ERr9-TL._SL160_.jpg,KindleStore,,false
B07QHKCR98,"Tanishq - Gold Jewellery | | E-Gift Card | Instant delivery | Valid for in-store purchases | Ideal gift for birthday, anniversary & wedding",10000,10000,₹,0,0,https://www.amazon.in/dp/B07QHKCR98?tag=discount0e8e-21&linkCode=osi&th=1&psc=1,https://m.media-amazon.com/images/I/41GgpBOHAOL._SL160_.jpg,Jewelry,,false
B0C1LC51C9,Amazon Pay eGift Card - Go Ahead and Pick Something Nice,1000,1000,₹,0,0,https://www.amazon.in/dp/B0C1LC51C9?tag=discount0e8e-21&linkCode=osi&th=1&psc=1,https://m.media-amazon.com/images/I/41KyNwNQWtL._SL160_.jpg,GiftCards,,false
B085J5Y9CR,Google Play recharge code - Digital Voucher,10,10,₹,0,0,https://www.amazon.in/dp/B085J5Y9CR?tag=discount0e8e-21&linkCode=osi&th=1&psc=1,https://m.media-amazon.com/images/I/41LSYc63VSL._SL160_.jpg,GiftCards,,false
B0C58R247K,Amazon Pay eGift Card - Happy Birthday - Birthday Doodle By Alicia Souza,1000,1000,₹,0,0,https://www.amazon.in/dp/B0C58R247K?tag=discount0e8e-21&linkCode=osi&th=1&psc=1,https://m.media-amazon.com/images/I/51Q0AbcPIPL._SL160_.jpg,GiftCards,,false
B07YY9N6TY,"Mortein 45ml x 6 (Buy 4 Get 2 Free) Fits All Machines | SmartPlus Mosquito Repellent Refill | Mosquito Repellent & Killer | 100% Protection from Dengue Mosquitoes, Pack of 6",308,308,₹,0,0,https://www.amazon.in/dp/B07YY9N6TY?tag=discount0e8e-21&linkCode=osi&th=1&psc=1,https://m.media-amazon.com/images/I/41b0-0Tw9bL._SL160_.jpg,GardenAndOutdoor,,false
B07D1CMV1M,Gas bill payment,1,1,₹,0,0,https://www.amazon.in/dp/B07D1CMV1M?tag=discount0e8e-21&linkCode=osi&th=1&psc=1,https://m.media-amazon.com/images/I/31X4TreGusL._SL160_.jpg,EverythingElse,,false
B07KZ5RJ29,Flight ticket bookings on Amazon,1,1,₹,0,0,https://www.amazon.in/dp/B07KZ5RJ29?tag=discount0e8e-21&linkCode=osi&th=1&psc=1,https://m.media-amazon.com/images/I/31iVkmzP5WL._SL160_.jpg,EverythingElse,,false
B0821XB1Q6,Insurance Premium Payment,1,1,₹,0,0,https://www.amazon.in/dp/B0821XB1Q6?tag=discount0e8e-21&linkCode=osi&th=1&psc=1,https://m.media-amazon.com/images/I/31cbSralfSL._SL160_.jpg,EverythingElse,,false
B07D1CD9MX,Broadband,1,1,₹,0,0,https://www.amazon.in/dp/B07D1CD9MX?tag=discount0e8e-21&linkCode=osi&th=1&psc=1,https://m.media-amazon.com/images/I/31Refn4wcHL._SL160_.jpg,EverythingElse,,false
B07RZL9C5P,Train ticket bookings on Amazon,1,1,₹,0,0,https://www.amazon.in/dp/B07RZL9C5P?tag=discount0e8e-21&linkCode=osi&th=1&psc=1,https://m.media-amazon.com/images/I/41csW3L4TGL._SL160_.jpg,EverythingElse,,false
B0891GSG7T,Metro Recharge,1,1,₹,0,0,https://www.amazon.in/dp/B0891GSG7T?tag=discount0e8e-21&linkCode=osi&th=1&psc=1,https://m.media-amazon.com/images/I/31JCAtTNKoL._SL160_.jpg,EverythingElse,,false
B07D1CMVSZ,Postpaid Mobile bill payment,1,1,₹,0,0,https://www.amazon.in/dp/B07D1CMVSZ?tag=discount0e8e-21&linkCode=osi&th=1&psc=1,https://m.media-amazon.com/images/I/21pgGDghGDL._SL160_.jpg,EverythingElse,,false
B01LTI9KAW,Mobile Prepaid Recharge,1,1,₹,0,0,https://www.amazon.in/dp/B01LTI9KAW?tag=discount0e8e-21&linkCode=osi&th=1&psc=1,https://m.media-amazon.com/images/I/21E1UYLde8L._SL160_.jpg,EverythingElse,,false
B079SBGWJR,DTH recharge,1,1,₹,0,0,https://www.amazon.in/dp/B079SBGWJR?tag=discount0e8e-21&linkCode=osi&th=1&psc=1,https://m.media-amazon.com/images/I/31y9HvI54wL._SL160_.jpg,EverythingElse,,false
B07D1FBTJB,Electricity bill payment,1,1,₹,0,0,https://www.amazon.in/dp/B07D1FBTJB?tag=discount0e8e-21&linkCode=osi&th=1&psc=1,https://m.media-amazon.com/images/I/21+iRPEHaaL._SL160_.jpg,EverythingElse,,false
B0D3J82RGB,Heart Shape Scented Candle |Rose | Soy wax candle || Red & White colour|| Quality 2,200,200,₹,0,0,https://www.amazon.in/dp/B0D3J82RGB?tag=discount0e8e-21&linkCode=osi&th=1&psc=1,https://m.media-amazon.com/images/I/41kmff6LsOL._SL160_.jpg,Collectibles,,false
B0FTSV9WZ5,"Brahmacharya : Kab, Kyon aur Kaise? (in Hindi) /by Premanand ji Maharaj/ Bhajan Marg [Paperback] [Oct 06, 2025] Shri Hit Premanand Govind Sharan Ji Maharaj",299,299,₹,0,0,https://www.amazon.in/dp/B0FTSV9WZ5?tag=discount0e8e-21&linkCode=osi&th=1&psc=1,https://m.media-amazon.com/images/I/41PVy9gVqxL._SL160_.jpg,Books,,false
